Smoke,Gold,0.103373895,,,,,
Gold,Smoke,0.103373895,,,,,
Soda,Gold,0.112121343,,,,,
Gold,Soda,0.112121343,,,,,
Beer,Gold,0.141000883,,,,,
Gold,Beer,0.141000883,,,,,
Gold,Guns,0.164717652,,,,,
Guns,Gold,0.164717652,,,,,
Other,Gold,0.171339213,,,,,
Gold,Other,0.171339213,,,,,
Books,Gold,0.176283563,,,,,
Gold,Books,0.176283563,,,,,
Agric,Gold,0.176540185,,,,,
Gold,Agric,0.176540185,,,,,
Gold,Hlth,0.176688145,,,,,
Hlth,Gold,0.176688145,,,,,
Gold,Txtls,0.177752116,,,,,
Txtls,Gold,0.177752116,,,,,
Drugs,Gold,0.179789518,,,,,
Gold,Drugs,0.179789518,,,,,
Gold,Banks,0.180403866,,,,,
Banks,Gold,0.180403866,,,,,
Boxes,Gold,0.185897086,,,,,
Gold,Boxes,0.185897086,,,,,
Toys,Gold,0.186054071,,,,,
Gold,Toys,0.186054071,,,,,
Gold,Ships,0.188007993,,,,,
Ships,Gold,0.188007993,,,,,
Gold,Meals,0.190000817,,,,,
Meals,Gold,0.190000817,,,,,
Aero,Gold,0.190423406,,,,,
Gold,Aero,0.190423406,,,,,
PerSv,Gold,0.190446996,,,,,
Gold,PerSv,0.190446996,,,,,
Insur,Gold,0.192245703,,,,,
Gold,Insur,0.192245703,,,,,
Gold,Clths,0.192811199,,,,,
Clths,Gold,0.192811199,,,,,
Gold,Rtail,0.199987801,,,,,
Rtail,Gold,0.199987801,,,,,
Trans,Gold,0.200706302,,,,,
Gold,Trans,0.200706302,,,,,
Gold,Rubbr,0.200831521,,,,,
Rubbr,Gold,0.200831521,,,,,
Gold,Fun,0.202610758,,,,,
Fun,Gold,0.202610758,,,,,
Telcm,Gold,0.20315589,,,,,
Gold,Telcm,0.20315589,,,,,
Comps,Gold,0.20339051,,,,,
Gold,Comps,0.20339051,,,,,
MedEq,Gold,0.204347212,,,,,
Gold,MedEq,0.204347212,,,,,
Gold,Food,0.207307626,,,,,
Food,Gold,0.207307626,,,,,
Gold,RlEst,0.20960104,,,,,
RlEst,Gold,0.20960104,,,,,
Smoke,Coal,0.212050187,,,,,
Coal,Smoke,0.212050187,,,,,
Gold,Paper,0.214787212,,,,,
Paper,Gold,0.214787212,,,,,
Gold,Hshld,0.215058116,,,,,
Hshld,Gold,0.215058116,,,,,
Util,Gold,0.215144796,,,,,
Gold,Util,0.215144796,,,,,
Chips,Gold,0.217095338,,,,,
Gold,Chips,0.217095338,,,,,
ElcEq,Gold,0.221916663,,,,,
Gold,ElcEq,0.221916663,,,,,
LabEq,Gold,0.222394781,,,,,
Gold,LabEq,0.222394781,,,,,
Gold,BusSv,0.224383249,,,,,
BusSv,Gold,0.224383249,,,,,
Smoke,Agric,0.225232826,,,,,
Agric,Smoke,0.225232826,,,,,
Gold,FabPr,0.228961585,,,,,
FabPr,Gold,0.228961585,,,,,
Autos,Gold,0.229917442,,,,,
Gold,Autos,0.229917442,,,,,
Smoke,Guns,0.234693948,,,,,
Guns,Smoke,0.234693948,,,,,
Gold,Cnstr,0.236957874,,,,,
Cnstr,Gold,0.236957874,,,,,
Smoke,Mines,0.238532862,,,,,
Mines,Smoke,0.238532862,,,,,
Fin,Gold,0.238669374,,,,,
Gold,Fin,0.238669374,,,,,
BldMt,Gold,0.241182193,,,,,
Gold,BldMt,0.241182193,,,,,
Coal,Soda,0.244387102,,,,,
Soda,Coal,0.244387102,,,,,
Coal,Gold,0.253316243,,,,,
Gold,Coal,0.253316243,,,,,
Ships,Smoke,0.253569773,,,,,
Smoke,Ships,0.253569773,,,,,
Beer,Coal,0.254744183,,,,,
Coal,Beer,0.254744183,,,,,
Smoke,Soda,0.254975516,,,,,
Soda,Smoke,0.254975516,,,,,
Smoke,FabPr,0.25512181,,,,,
FabPr,Smoke,0.25512181,,,,,
Whlsl,Gold,0.257477362,,,,,
Gold,Whlsl,0.257477362,,,,,
Chems,Gold,0.264661463,,,,,
Gold,Chems,0.264661463,,,,,
Mach,Gold,0.264830282,,,,,
Gold,Mach,0.264830282,,,,,
RlEst,Smoke,0.273957857,,,,,
Smoke,RlEst,0.273957857,,,,,
Smoke,Beer,0.276172242,,,,,
Beer,Smoke,0.276172242,,,,,
Soda,Guns,0.276638484,,,,,
Guns,Soda,0.276638484,,,,,
Soda,Agric,0.27878237,,,,,
Agric,Soda,0.27878237,,,,,
Agric,Coal,0.28077244,,,,,
Coal,Agric,0.28077244,,,,,
Other,Smoke,0.281900506,,,,,
Smoke,Other,0.281900506,,,,,
Guns,Coal,0.287465971,,,,,
Coal,Guns,0.287465971,,,,,
Oil,Smoke,0.289760689,,,,,
Smoke,Oil,0.289760689,,,,,
Soda,Mines,0.293648219,,,,,
Mines,Soda,0.293648219,,,,,
Agric,Beer,0.294654156,,,,,
Beer,Agric,0.294654156,,,,,
Smoke,Txtls,0.296634574,,,,,
Txtls,Smoke,0.296634574,,,,,
Agric,Guns,0.297429437,,,,,
Guns,Agric,0.297429437,,,,,
Toys,Smoke,0.302971934,,,,,
Smoke,Toys,0.302971934,,,,,
Beer,Guns,0.303059379,,,,,
Guns,Beer,0.303059379,,,,,
Hlth,Smoke,0.307396426,,,,,
Smoke,Hlth,0.307396426,,,,,
Smoke,Cnstr,0.309471536,,,,,
Cnstr,Smoke,0.309471536,,,,,
Beer,Mines,0.311148214,,,,,
Mines,Beer,0.311148214,,,,,
Soda,Ships,0.312816006,,,,,
Ships,Soda,0.312816006,,,,,
Rubbr,Smoke,0.312897081,,,,,
Smoke,Rubbr,0.312897081,,,,,
Gold,Steel,0.319414728,,,,,
Steel,Gold,0.319414728,,,,,
Smoke,PerSv,0.320332178,,,,,
PerSv,Smoke,0.320332178,,,,,
Smoke,Boxes,0.320481225,,,,,
Boxes,Smoke,0.320481225,,,,,
Smoke,Books,0.321341771,,,,,
Books,Smoke,0.321341771,,,,,
Smoke,Fun,0.328670246,,,,,
Fun,Smoke,0.328670246,,,,,
Soda,FabPr,0.330080874,,,,,
FabPr,Soda,0.330080874,,,,,
Beer,Ships,0.331633353,,,,,
Ships,Beer,0.331633353,,,,,
Aero,Smoke,0.333367337,,,,,
Smoke,Aero,0.333367337,,,,,
RlEst,Soda,0.335439657,,,,,
Soda,RlEst,0.335439657,,,,,
ElcEq,Smoke,0.336103368,,,,,
Smoke,ElcEq,0.336103368,,,,,
Oil,Soda,0.336224222,,,,,
Soda,Oil,0.336224222,,,,,
Soda,Other,0.336330689,,,,,
Other,Soda,0.336330689,,,,,
Beer,Soda,0.336354544,,,,,
Soda,Beer,0.336354544,,,,,
Gold,Oil,0.337342505,,,,,
Oil,Gold,0.337342505,,,,,
Guns,Mines,0.337429908,,,,,
Mines,Guns,0.337429908,,,,,
Smoke,Meals,0.337966671,,,,,
Meals,Smoke,0.337966671,,,,,
Smoke,Clths,0.340523105,,,,,
Clths,Smoke,0.340523105,,,,,
Smoke,Chips,0.340776153,,,,,
Chips,Smoke,0.340776153,,,,,
Coal,Hlth,0.343518801,,,,,
Hlth,Coal,0.343518801,,,,,
LabEq,Smoke,0.343549025,,,,,
Smoke,LabEq,0.343549025,,,,,
Smoke,Steel,0.344266143,,,,,
Steel,Smoke,0.344266143,,,,,
FabPr,Beer,0.346062075,,,,,
Beer,FabPr,0.346062075,,,,,
Telcm,Smoke,0.348104553,,,,,
Smoke,Telcm,0.348104553,,,,,
Drugs,Smoke,0.348159467,,,,,
Smoke,Drugs,0.348159467,,,,,
Coal,Other,0.34876737,,,,,
Other,Coal,0.34876737,,,,,
Toys,Coal,0.349368696,,,,,
Coal,Toys,0.349368696,,,,,
Smoke,Comps,0.350122193,,,,,
Comps,Smoke,0.350122193,,,,,
Soda,Toys,0.35244577,,,,,
Toys,Soda,0.35244577,,,,,
Ships,Agric,0.353780823,,,,,
Agric,Ships,0.353780823,,,,,
BusSv,Smoke,0.360035265,,,,,
Smoke,BusSv,0.360035265,,,,,
Smoke,MedEq,0.36039962,,,,,
MedEq,Smoke,0.36039962,,,,,
Agric,Mines,0.361800279,,,,,
Mines,Agric,0.361800279,,,,,
BldMt,Smoke,0.36336541,,,,,
Smoke,BldMt,0.36336541,,,,,
Hshld,Smoke,0.363504684,,,,,
Smoke,Hshld,0.363504684,,,,,
Coal,Txtls,0.363617659,,,,,
Txtls,Coal,0.363617659,,,,,
Hlth,Soda,0.363851664,,,,,
Soda,Hlth,0.363851664,,,,,
Fin,Smoke,0.363865952,,,,,
Smoke,Fin,0.363865952,,,,,
Trans,Smoke,0.363890822,,,,,
Smoke,Trans,0.363890822,,,,,
Other,Guns,0.364217961,,,,,
Guns,Other,0.364217961,,,,,
Smoke,Paper,0.364991871,,,,,
Paper,Smoke,0.364991871,,,,,
Ships,Guns,0.365575006,,,,,
Guns,Ships,0.365575006,,,,,
Beer,RlEst,0.366995898,,,,,
RlEst,Beer,0.366995898,,,,,
Smoke,Banks,0.367164652,,,,,
Banks,Smoke,0.367164652,,,,,
Whlsl,Smoke,0.367409967,,,,,
Smoke,Whlsl,0.367409967,,,,,
Smoke,Autos,0.368251682,,,,,
Autos,Smoke,0.368251682,,,,,
Soda,Txtls,0.3697409,,,,,
Txtls,Soda,0.3697409,,,,,
Smoke,Insur,0.370894586,,,,,
Insur,Smoke,0.370894586,,,,,
Coal,RlEst,0.371959951,,,,,
RlEst,Coal,0.371959951,,,,,
Agric,Boxes,0.372134863,,,,,
Boxes,Agric,0.372134863,,,,,
Soda,Boxes,0.3724046,,,,,
Boxes,Soda,0.3724046,,,,,
Beer,Boxes,0.37286665,,,,,
Boxes,Beer,0.37286665,,,,,
Soda,Rubbr,0.37358359,,,,,
Rubbr,Soda,0.37358359,,,,,
RlEst,Guns,0.375161835,,,,,
Guns,RlEst,0.375161835,,,,,
Oil,Beer,0.375289296,,,,,
Beer,Oil,0.375289296,,,,,
Smoke,Rtail,0.375528682,,,,,
Rtail,Smoke,0.375528682,,,,,
Smoke,Mach,0.376025685,,,,,
Mach,Smoke,0.376025685,,,,,
Agric,Toys,0.376914416,,,,,
Toys,Agric,0.376914416,,,,,
FabPr,Guns,0.377472659,,,,,
Guns,FabPr,0.377472659,,,,,
Soda,Aero,0.379284954,,,,,
Aero,Soda,0.379284954,,,,,
Other,Beer,0.380929058,,,,,
Beer,Other,0.380929058,,,,,
Coal,Ships,0.381604109,,,,,
Ships,Coal,0.381604109,,,,,
Toys,Guns,0.381725225,,,,,
Guns,Toys,0.381725225,,,,,
Cnstr,Soda,0.382834317,,,,,
Soda,Cnstr,0.382834317,,,,,
Rubbr,Coal,0.383755329,,,,,
Coal,Rubbr,0.383755329,,,,,
Smoke,Util,0.383940793,,,,,
Util,Smoke,0.383940793,,,,,
Util,Agric,0.384488542,,,,,
Agric,Util,0.384488542,,,,,
Smoke,Chems,0.385042797,,,,,
Chems,Smoke,0.385042797,,,,,
PerSv,Soda,0.385196847,,,,,
Soda,PerSv,0.385196847,,,,,
Guns,Hlth,0.385435739,,,,,
Hlth,Guns,0.385435739,,,,,
PerSv,Coal,0.385465377,,,,,
Coal,PerSv,0.385465377,,,,,
Soda,Fun,0.386945516,,,,,
Fun,Soda,0.386945516,,,,,
Other,Agric,0.387226525,,,,,
Agric,Other,0.387226525,,,,,
Boxes,Coal,0.389157053,,,,,
Coal,Boxes,0.389157053,,,,,
RlEst,Agric,0.389720832,,,,,
Agric,RlEst,0.389720832,,,,,
Boxes,Guns,0.390374383,,,,,
Guns,Boxes,0.390374383,,,,,
Coal,Drugs,0.391103364,,,,,
Drugs,Coal,0.391103364,,,,,
Agric,FabPr,0.391420274,,,,,
FabPr,Agric,0.391420274,,,,,
Coal,Aero,0.392372724,,,,,
Aero,Coal,0.392372724,,,,,
Beer,Txtls,0.392542529,,,,,
Txtls,Beer,0.392542529,,,,,
Food,Smoke,0.394473857,,,,,
Smoke,Food,0.394473857,,,,,
Soda,Books,0.39593567,,,,,
Books,Soda,0.39593567,,,,,
Txtls,Guns,0.39725908,,,,,
Guns,Txtls,0.39725908,,,,,
Fun,Coal,0.397981668,,,,,
Coal,Fun,0.397981668,,,,,
Guns,Oil,0.398032646,,,,,
Oil,Guns,0.398032646,,,,,
Guns,Rubbr,0.39843166,,,,,
Rubbr,Guns,0.39843166,,,,,
Hlth,Beer,0.398988577,,,,,
Beer,Hlth,0.398988577,,,,,
Beer,Toys,0.39935204,,,,,
Toys,Beer,0.39935204,,,,,
Beer,Cnstr,0.401607203,,,,,
Cnstr,Beer,0.401607203,,,,,
Txtls,Agric,0.402480544,,,,,
Agric,Txtls,0.402480544,,,,,
Beer,Books,0.403299716,,,,,
Books,Beer,0.403299716,,,,,
Drugs,Soda,0.405782509,,,,,
Soda,Drugs,0.405782509,,,,,
Clths,Soda,0.405784471,,,,,
Soda,Clths,0.405784471,,,,,
Beer,Rubbr,0.408011216,,,,,
Rubbr,Beer,0.408011216,,,,,
Agric,Aero,0.40831607,,,,,
Aero,Agric,0.40831607,,,,,
Books,Coal,0.408838487,,,,,
Coal,Books,0.408838487,,,,,
Chips,Soda,0.408900438,,,,,
Soda,Chips,0.408900438,,,,,
Hlth,Agric,0.409328659,,,,,
Agric,Hlth,0.409328659,,,,,
Telcm,Soda,0.409654335,,,,,
Soda,Telcm,0.409654335,,,,,
Rubbr,Agric,0.409740987,,,,,
Agric,Rubbr,0.409740987,,,,,
Guns,Fun,0.409780051,,,,,
Fun,Guns,0.409780051,,,,,
Oil,Agric,0.409908594,,,,,
Agric,Oil,0.409908594,,,,,
Soda,Util,0.410705125,,,,,
Util,Soda,0.410705125,,,,,
Meals,Coal,0.411452141,,,,,
Coal,Meals,0.411452141,,,,,
MedEq,Coal,0.413023888,,,,,
Coal,MedEq,0.413023888,,,,,
Guns,PerSv,0.41337397,,,,,
PerSv,Guns,0.41337397,,,,,
Guns,Util,0.413413935,,,,,
Util,Guns,0.413413935,,,,,
Soda,Steel,0.413990123,,,,,
Steel,Soda,0.413990123,,,,,
Gold,Mines,0.414220799,,,,,
Mines,Gold,0.414220799,,,,,
LabEq,Soda,0.414286324,,,,,
Soda,LabEq,0.414286324,,,,,
Soda,ElcEq,0.414364694,,,,,
ElcEq,Soda,0.414364694,,,,,
Coal,Clths,0.415363702,,,,,
Clths,Coal,0.415363702,,,,,
Comps,Soda,0.416180776,,,,,
Soda,Comps,0.416180776,,,,,
Food,Coal,0.41629401,,,,,
Coal,Food,0.41629401,,,,,
Mines,Hlth,0.417191891,,,,,
Hlth,Mines,0.417191891,,,,,
Other,Ships,0.417696739,,,,,
Ships,Other,0.417696739,,,,,
Other,Mines,0.418166498,,,,,
Mines,Other,0.418166498,,,,,
Mines,Ships,0.418418854,,,,,
Ships,Mines,0.418418854,,,,,
Cnstr,Guns,0.419287204,,,,,
Guns,Cnstr,0.419287204,,,,,
Soda,Paper,0.419809141,,,,,
Paper,Soda,0.419809141,,,,,
Comps,Coal,0.421043471,,,,,
Coal,Comps,0.421043471,,,,,
Beer,Fun,0.421132532,,,,,
Fun,Beer,0.421132532,,,,,
Drugs,Guns,0.421645879,,,,,
Guns,Drugs,0.421645879,,,,,
Guns,Books,0.421761091,,,,,
Books,Guns,0.421761091,,,,,
Banks,Coal,0.422974425,,,,,
Coal,Banks,0.422974425,,,,,
Soda,MedEq,0.423546873,,,,,
MedEq,Soda,0.423546873,,,,,
Coal,LabEq,0.423948291,,,,,
LabEq,Coal,0.423948291,,,,,
Toys,Mines,0.424117884,,,,,
Mines,Toys,0.424117884,,,,,
PerSv,Beer,0.424122122,,,,,
Beer,PerSv,0.424122122,,,,,
Agric,Fun,0.424190371,,,,,
Fun,Agric,0.424190371,,,,,
Agric,Books,0.425157048,,,,,
Books,Agric,0.425157048,,,,,
Aero,Beer,0.425354171,,,,,
Beer,Aero,0.425354171,,,,,
Soda,Trans,0.425494389,,,,,
Trans,Soda,0.425494389,,,,,
Agric,Clths,0.425748617,,,,,
Clths,Agric,0.425748617,,,,,
Meals,Soda,0.426294181,,,,,
Soda,Meals,0.426294181,,,,,
Soda,Insur,0.426696633,,,,,
Insur,Soda,0.426696633,,,,,
FabPr,Coal,0.42720276,,,,,
Coal,FabPr,0.42720276,,,,,
Agric,PerSv,0.427613231,,,,,
PerSv,Agric,0.427613231,,,,,
Soda,Autos,0.42813943,,,,,
Autos,Soda,0.42813943,,,,,
Telcm,Coal,0.430626137,,,,,
Coal,Telcm,0.430626137,,,,,
Coal,Chips,0.430834796,,,,,
Chips,Coal,0.430834796,,,,,
Soda,BusSv,0.43120962,,,,,
BusSv,Soda,0.43120962,,,,,
Guns,Clths,0.431438143,,,,,
Clths,Guns,0.431438143,,,,,
Soda,Banks,0.431871067,,,,,
Banks,Soda,0.431871067,,,,,
Cnstr,Agric,0.432487113,,,,,
Agric,Cnstr,0.432487113,,,,,
Steel,Beer,0.433458583,,,,,
Beer,Steel,0.433458583,,,,,
Coal,Insur,0.433674813,,,,,
Insur,Coal,0.433674813,,,,,
Guns,Meals,0.433929121,,,,,
Meals,Guns,0.433929121,,,,,
Hshld,Coal,0.43480327,,,,,
Coal,Hshld,0.43480327,,,,,
Aero,Guns,0.435742834,,,,,
Guns,Aero,0.435742834,,,,,
RlEst,Mines,0.43581716,,,,,
Mines,RlEst,0.43581716,,,,,
Util,Beer,0.436475794,,,,,
Beer,Util,0.436475794,,,,,
Soda,Fin,0.436668879,,,,,
Fin,Soda,0.436668879,,,,,
Chems,Soda,0.437778637,,,,,
Soda,Chems,0.437778637,,,,,
Hshld,Soda,0.438755483,,,,,
Soda,Hshld,0.438755483,,,,,
Clths,Beer,0.438856683,,,,,
Beer,Clths,0.438856683,,,,,
Hlth,Ships,0.439800002,,,,,
Ships,Hlth,0.439800002,,,,,
Soda,BldMt,0.440041128,,,,,
BldMt,Soda,0.440041128,,,,,
Ships,Toys,0.440097874,,,,,
Toys,Ships,0.440097874,,,,,
Insur,Guns,0.440518179,,,,,
Guns,Insur,0.440518179,,,,,
Insur,Agric,0.440642301,,,,,
Agric,Insur,0.440642301,,,,,
Mines,Txtls,0.440877581,,,,,
Txtls,Mines,0.440877581,,,,,
Guns,Telcm,0.441571603,,,,,
Telcm,Guns,0.441571603,,,,,
Beer,Drugs,0.441621021,,,,,
Drugs,Beer,0.441621021,,,,,
Beer,ElcEq,0.442092403,,,,,
ElcEq,Beer,0.442092403,,,,,
Agric,Drugs,0.442840704,,,,,
Drugs,Agric,0.442840704,,,,,
Coal,Util,0.442988259,,,,,
Util,Coal,0.442988259,,,,,
BusSv,Coal,0.443709345,,,,,
Coal,BusSv,0.443709345,,,,,
Mach,Soda,0.443710112,,,,,
Soda,Mach,0.443710112,,,,,
Telcm,Beer,0.446627877,,,,,
Beer,Telcm,0.446627877,,,,,
Paper,Beer,0.446951825,,,,,
Beer,Paper,0.446951825,,,,,
Soda,Whlsl,0.447145263,,,,,
Whlsl,Soda,0.447145263,,,,,
Soda,Rtail,0.447508515,,,,,
Rtail,Soda,0.447508515,,,,,
Agric,Telcm,0.448082736,,,,,
Telcm,Agric,0.448082736,,,,,
MedEq,Guns,0.450906669,,,,,
Guns,MedEq,0.450906669,,,,,
Agric,Paper,0.451481941,,,,,
Paper,Agric,0.451481941,,,,,
Other,FabPr,0.452259581,,,,,
FabPr,Other,0.452259581,,,,,
RlEst,Ships,0.45225959,,,,,
Ships,RlEst,0.45225959,,,,,
Insur,Beer,0.452383519,,,,,
Beer,Insur,0.452383519,,,,,
Agric,Food,0.452872839,,,,,
Food,Agric,0.452872839,,,,,
Coal,Trans,0.453645845,,,,,
Trans,Coal,0.453645845,,,,,
Banks,Beer,0.454547675,,,,,
Beer,Banks,0.454547675,,,,,
Beer,Fin,0.454598559,,,,,
Fin,Beer,0.454598559,,,,,
Coal,Rtail,0.454637546,,,,,
Rtail,Coal,0.454637546,,,,,
Beer,LabEq,0.454915171,,,,,
LabEq,Beer,0.454915171,,,,,
Coal,ElcEq,0.45497901,,,,,
ElcEq,Coal,0.45497901,,,,,
Guns,Chips,0.455228151,,,,,
Chips,Guns,0.455228151,,,,,
Meals,Agric,0.455287532,,,,,
Agric,Meals,0.455287532,,,,,
Agric,Autos,0.455507726,,,,,
Autos,Agric,0.455507726,,,,,
Chips,Beer,0.456398977,,,,,
Beer,Chips,0.456398977,,,,,
Guns,Comps,0.456844482,,,,,
Comps,Guns,0.456844482,,,,,
Guns,Food,0.457074704,,,,,
Food,Guns,0.457074704,,,,,
Food,Soda,0.457164437,,,,,
Soda,Food,0.457164437,,,,,
Steel,Guns,0.458407673,,,,,
Guns,Steel,0.458407673,,,,,
PerSv,Mines,0.458975284,,,,,
Mines,PerSv,0.458975284,,,,,
Guns,Banks,0.45899376,,,,,
Banks,Guns,0.45899376,,,,,
Mines,Aero,0.459217727,,,,,
Aero,Mines,0.459217727,,,,,
Beer,Autos,0.459298601,,,,,
Autos,Beer,0.459298601,,,,,
Coal,Cnstr,0.459629907,,,,,
Cnstr,Coal,0.459629907,,,,,
Rubbr,Mines,0.459838137,,,,,
Mines,Rubbr,0.459838137,,,,,
Coal,Paper,0.460108035,,,,,
Paper,Coal,0.460108035,,,,,
Mines,Books,0.460693353,,,,,
Books,Mines,0.460693353,,,,,
ElcEq,Guns,0.461010997,,,,,
Guns,ElcEq,0.461010997,,,,,
Beer,Trans,0.461061576,,,,,
Trans,Beer,0.461061576,,,,,
Hshld,Guns,0.461577058,,,,,
Guns,Hshld,0.461577058,,,,,
Agric,ElcEq,0.461624666,,,,,
ElcEq,Agric,0.461624666,,,,,
Mines,Boxes,0.462115852,,,,,
Boxes,Mines,0.462115852,,,,,
LabEq,Guns,0.462270784,,,,,
Guns,LabEq,0.462270784,,,,,
Beer,Meals,0.462542272,,,,,
Meals,Beer,0.462542272,,,,,
Paper,Guns,0.462849409,,,,,
Guns,Paper,0.462849409,,,,,
Beer,Comps,0.46339526,,,,,
Comps,Beer,0.46339526,,,,,
Comps,Agric,0.463743044,,,,,
Agric,Comps,0.463743044,,,,,
Trans,Guns,0.464275318,,,,,
Guns,Trans,0.464275318,,,,,
Agric,LabEq,0.464382692,,,,,
LabEq,Agric,0.464382692,,,,,
Other,RlEst,0.464583682,,,,,
RlEst,Other,0.464583682,,,,,
Mines,Drugs,0.465666496,,,,,
Drugs,Mines,0.465666496,,,,,
Agric,Steel,0.466794349,,,,,
Steel,Agric,0.466794349,,,,,
Agric,Chips,0.466804253,,,,,
Chips,Agric,0.466804253,,,,,
Mines,Util,0.467044516,,,,,
Util,Mines,0.467044516,,,,,
Ships,Boxes,0.467227141,,,,,
Boxes,Ships,0.467227141,,,,,
Hlth,FabPr,0.467673475,,,,,
FabPr,Hlth,0.467673475,,,,,
Autos,Guns,0.467820362,,,,,
Guns,Autos,0.467820362,,,,,
Agric,Trans,0.468127923,,,,,
Trans,Agric,0.468127923,,,,,
Banks,Agric,0.468338343,,,,,
Agric,Banks,0.468338343,,,,,
Guns,Fin,0.46848047,,,,,
Fin,Guns,0.46848047,,,,,
BldMt,Beer,0.470278586,,,,,
Beer,BldMt,0.470278586,,,,,
MedEq,Agric,0.470397441,,,,,
Agric,MedEq,0.470397441,,,,,
Coal,Mines,0.470488809,,,,,
Mines,Coal,0.470488809,,,,,
Agric,Chems,0.470647337,,,,,
Chems,Agric,0.470647337,,,,,
BusSv,Guns,0.470703245,,,,,
Guns,BusSv,0.470703245,,,,,
Guns,Rtail,0.471053202,,,,,
Rtail,Guns,0.471053202,,,,,
Hshld,Beer,0.471370133,,,,,
Beer,Hshld,0.471370133,,,,,
Autos,Coal,0.471824052,,,,,
Coal,Autos,0.471824052,,,,,
Ships,FabPr,0.472555311,,,,,
FabPr,Ships,0.472555311,,,,,
Mines,Fun,0.473306867,,,,,
Fun,Mines,0.473306867,,,,,
MedEq,Beer,0.473653413,,,,,
Beer,MedEq,0.473653413,,,,,
Util,Other,0.473915932,,,,,
Other,Util,0.473915932,,,,,
Hshld,Agric,0.47425934,,,,,
Agric,Hshld,0.47425934,,,,,
Beer,Chems,0.474764564,,,,,
Chems,Beer,0.474764564,,,,,
Coal,Fin,0.477051489,,,,,
Fin,Coal,0.477051489,,,,,
Mines,FabPr,0.477206534,,,,,
FabPr,Mines,0.477206534,,,,,
Ships,Drugs,0.478131572,,,,,
Drugs,Ships,0.478131572,,,,,
Mach,Beer,0.478259596,,,,,
Beer,Mach,0.478259596,,,,,
Ships,Txtls,0.478288071,,,,,
Txtls,Ships,0.478288071,,,,,
Chems,Guns,0.478362785,,,,,
Guns,Chems,0.478362785,,,,,
Beer,BusSv,0.478675464,,,,,
BusSv,Beer,0.478675464,,,,,
Rtail,Agric,0.479893799,,,,,
Agric,Rtail,0.479893799,,,,,
Beer,Rtail,0.480267064,,,,,
Rtail,Beer,0.480267064,,,,,
Mines,Clths,0.483460287,,,,,
Clths,Mines,0.483460287,,,,,
Other,Oil,0.483650516,,,,,
Oil,Other,0.483650516,,,,,
Util,Ships,0.484125715,,,,,
Ships,Util,0.484125715,,,,,
FabPr,Toys,0.484640711,,,,,
Toys,FabPr,0.484640711,,,,,
Agric,Fin,0.484684395,,,,,
Fin,Agric,0.484684395,,,,,
Hlth,Util,0.48482776,,,,,
Util,Hlth,0.48482776,,,,,
BldMt,Coal,0.485758459,,,,,
Coal,BldMt,0.485758459,,,,,
Guns,Whlsl,0.485867445,,,,,
Whlsl,Guns,0.485867445,,,,,
Mines,Meals,0.48595014,,,,,
Meals,Mines,0.48595014,,,,,
Agric,BldMt,0.487147465,,,,,
BldMt,Agric,0.487147465,,,,,
Beer,Food,0.487273781,,,,,
Food,Beer,0.487273781,,,,,
Beer,Whlsl,0.487428933,,,,,
Whlsl,Beer,0.487428933,,,,,
Guns,BldMt,0.487679251,,,,,
BldMt,Guns,0.487679251,,,,,
Toys,Util,0.489033067,,,,,
Util,Toys,0.489033067,,,,,
Rubbr,Ships,0.489284427,,,,,
Ships,Rubbr,0.489284427,,,,,
Coal,Whlsl,0.490129044,,,,,
Whlsl,Coal,0.490129044,,,,,
Mines,MedEq,0.491264685,,,,,
MedEq,Mines,0.491264685,,,,,
BusSv,Agric,0.49238193,,,,,
Agric,BusSv,0.49238193,,,,,
RlEst,FabPr,0.492544831,,,,,
FabPr,RlEst,0.492544831,,,,,
Ships,Fun,0.494992494,,,,,
Fun,Ships,0.494992494,,,,,
Mines,Comps,0.495626876,,,,,
Comps,Mines,0.495626876,,,,,
Ships,MedEq,0.496109266,,,,,
MedEq,Ships,0.496109266,,,,,
Toys,Oil,0.49678766,,,,,
Oil,Toys,0.49678766,,,,,
Mach,Guns,0.497158711,,,,,
Guns,Mach,0.497158711,,,,,
Food,Mines,0.497475233,,,,,
Mines,Food,0.497475233,,,,,
Other,Boxes,0.49798297,,,,,
Boxes,Other,0.49798297,,,,,
Mines,Telcm,0.498592378,,,,,
Telcm,Mines,0.498592378,,,,,
Insur,Mines,0.498893453,,,,,
Mines,Insur,0.498893453,,,,,
Txtls,Other,0.49907039,,,,,
Other,Txtls,0.49907039,,,,,
Ships,Aero,0.499938009,,,,,
Aero,Ships,0.499938009,,,,,
RlEst,Boxes,0.500079101,,,,,
Boxes,RlEst,0.500079101,,,,,
Mach,Agric,0.501153101,,,,,
Agric,Mach,0.501153101,,,,,
Mines,Banks,0.502940584,,,,,
Banks,Mines,0.502940584,,,,,
Hlth,Oil,0.503982915,,,,,
Oil,Hlth,0.503982915,,,,,
FabPr,Boxes,0.503995482,,,,,
Boxes,FabPr,0.503995482,,,,,
RlEst,Util,0.504752268,,,,,
Util,RlEst,0.504752268,,,,,
Agric,Whlsl,0.507110338,,,,,
Whlsl,Agric,0.507110338,,,,,
Hlth,RlEst,0.507787836,,,,,
RlEst,Hlth,0.507787836,,,,,
Ships,PerSv,0.508078328,,,,,
PerSv,Ships,0.508078328,,,,,
Boxes,Hlth,0.508544191,,,,,
Hlth,Boxes,0.508544191,,,,,
Chips,Mines,0.510369464,,,,,
Mines,Chips,0.510369464,,,,,
FabPr,Util,0.510388548,,,,,
Util,FabPr,0.510388548,,,,,
Txtls,FabPr,0.510456889,,,,,
FabPr,Txtls,0.510456889,,,,,
Aero,Other,0.512971781,,,,,
Other,Aero,0.512971781,,,,,
Txtls,Oil,0.51604286,,,,,
Oil,Txtls,0.51604286,,,,,
Books,Other,0.516796016,,,,,
Other,Books,0.516796016,,,,,
LabEq,Mines,0.517015336,,,,,
Mines,LabEq,0.517015336,,,,,
Coal,Chems,0.517717766,,,,,
Chems,Coal,0.517717766,,,,,
Rubbr,Other,0.518692054,,,,,
Other,Rubbr,0.518692054,,,,,
Telcm,Ships,0.518921701,,,,,
Ships,Telcm,0.518921701,,,,,
FabPr,Drugs,0.520296652,,,,,
Drugs,FabPr,0.520296652,,,,,
Oil,Ships,0.520587209,,,,,
Ships,Oil,0.520587209,,,,,
Txtls,Hlth,0.520956926,,,,,
Hlth,Txtls,0.520956926,,,,,
Other,Toys,0.52107198,,,,,
Toys,Other,0.52107198,,,,,
Toys,Boxes,0.521264677,,,,,
Boxes,Toys,0.521264677,,,,,
RlEst,Drugs,0.521447518,,,,,
Drugs,RlEst,0.521447518,,,,,
Ships,Comps,0.521645041,,,,,
Comps,Ships,0.521645041,,,,,
Aero,FabPr,0.52189882,,,,,
FabPr,Aero,0.52189882,,,,,
RlEst,Toys,0.522314401,,,,,
Toys,RlEst,0.522314401,,,,,
Ships,Books,0.522945359,,,,,
Books,Ships,0.522945359,,,,,
Ships,Meals,0.524723825,,,,,
Meals,Ships,0.524723825,,,,,
Oil,Boxes,0.524994032,,,,,
Boxes,Oil,0.524994032,,,,,
Rtail,Mines,0.526340631,,,,,
Mines,Rtail,0.526340631,,,,,
Food,Ships,0.526507268,,,,,
Ships,Food,0.526507268,,,,,
Cnstr,Ships,0.527086688,,,,,
Ships,Cnstr,0.527086688,,,,,
Aero,RlEst,0.528268251,,,,,
RlEst,Aero,0.528268251,,,,,
Other,PerSv,0.528322853,,,,,
PerSv,Other,0.528322853,,,,,
Mines,Hshld,0.528351637,,,,,
Hshld,Mines,0.528351637,,,,,
Mines,Cnstr,0.528946689,,,,,
Cnstr,Mines,0.528946689,,,,,
Paper,Mines,0.529514727,,,,,
Mines,Paper,0.529514727,,,,,
Chips,Ships,0.530598885,,,,,
Ships,Chips,0.530598885,,,,,
BusSv,Mines,0.531311389,,,,,
Mines,BusSv,0.531311389,,,,,
FabPr,Rubbr,0.532770272,,,,,
Rubbr,FabPr,0.532770272,,,,,
Ships,LabEq,0.532882238,,,,,
LabEq,Ships,0.532882238,,,,,
ElcEq,Mines,0.5334951,,,,,
Mines,ElcEq,0.5334951,,,,,
Clths,Ships,0.535699471,,,,,
Ships,Clths,0.535699471,,,,,
Hlth,Other,0.536222807,,,,,
Other,Hlth,0.536222807,,,,,
Txtls,Toys,0.536865044,,,,,
Toys,Txtls,0.536865044,,,,,
RlEst,Oil,0.537067717,,,,,
Oil,RlEst,0.537067717,,,,,
Trans,Mines,0.537175389,,,,,
Mines,Trans,0.537175389,,,,,
Txtls,RlEst,0.537643768,,,,,
RlEst,Txtls,0.537643768,,,,,
FabPr,PerSv,0.537674824,,,,,
PerSv,FabPr,0.537674824,,,,,
Fun,FabPr,0.538109161,,,,,
FabPr,Fun,0.538109161,,,,,
Mach,Coal,0.538229829,,,,,
Coal,Mach,0.538229829,,,,,
Boxes,Txtls,0.538301916,,,,,
Txtls,Boxes,0.538301916,,,,,
Rubbr,Hlth,0.53859028,,,,,
Hlth,Rubbr,0.53859028,,,,,
Hlth,Toys,0.538925671,,,,,
Toys,Hlth,0.538925671,,,,,
Rubbr,Toys,0.539285119,,,,,
Toys,Rubbr,0.539285119,,,,,
Txtls,Util,0.539351944,,,,,
Util,Txtls,0.539351944,,,,,
Cnstr,Other,0.539782484,,,,,
Other,Cnstr,0.539782484,,,,,
Toys,Aero,0.540745158,,,,,
Aero,Toys,0.540745158,,,,,
Fun,Util,0.542606828,,,,,
Util,Fun,0.542606828,,,,,
Oil,Rubbr,0.544181891,,,,,
Rubbr,Oil,0.544181891,,,,,
PerSv,Oil,0.544904939,,,,,
Oil,PerSv,0.544904939,,,,,
Aero,Hlth,0.54617987,,,,,
Hlth,Aero,0.54617987,,,,,
Ships,ElcEq,0.546422372,,,,,
ElcEq,Ships,0.546422372,,,,,
Aero,Txtls,0.548612128,,,,,
Txtls,Aero,0.548612128,,,,,
Mines,Autos,0.549664533,,,,,
Autos,Mines,0.549664533,,,,,
Books,FabPr,0.549876961,,,,,
FabPr,Books,0.549876961,,,,,
Ships,Insur,0.550233275,,,,,
Insur,Ships,0.550233275,,,,,
Rubbr,RlEst,0.550867239,,,,,
RlEst,Rubbr,0.550867239,,,,,
Aero,Oil,0.55120829,,,,,
Oil,Aero,0.55120829,,,,,
MedEq,FabPr,0.551636689,,,,,
FabPr,MedEq,0.551636689,,,,,
PerSv,Util,0.551681735,,,,,
Util,PerSv,0.551681735,,,,,
Books,Hlth,0.551813863,,,,,
Hlth,Books,0.551813863,,,,,
Boxes,PerSv,0.552213407,,,,,
PerSv,Boxes,0.552213407,,,,,
Oil,Clths,0.552350268,,,,,
Clths,Oil,0.552350268,,,,,
Rubbr,Util,0.552461609,,,,,
Util,Rubbr,0.552461609,,,,,
BusSv,Ships,0.552469704,,,,,
Ships,BusSv,0.552469704,,,,,
Boxes,Rubbr,0.552662231,,,,,
Rubbr,Boxes,0.552662231,,,,,
Oil,Drugs,0.553070397,,,,,
Drugs,Oil,0.553070397,,,,,
Oil,Books,0.553139497,,,,,
Books,Oil,0.553139497,,,,,
Util,Drugs,0.553431272,,,,,
Drugs,Util,0.553431272,,,,,
Oil,Fun,0.553857568,,,,,
Fun,Oil,0.553857568,,,,,
Comps,Util,0.554201711,,,,,
Util,Comps,0.554201711,,,,,
Toys,Books,0.554865395,,,,,
Books,Toys,0.554865395,,,,,
Boxes,Aero,0.556251137,,,,,
Aero,Boxes,0.556251137,,,,,
Other,Insur,0.556690218,,,,,
Insur,Other,0.556690218,,,,,
Util,Aero,0.557568959,,,,,
Aero,Util,0.557568959,,,,,
FabPr,Oil,0.558332804,,,,,
Oil,FabPr,0.558332804,,,,,
Paper,Other,0.558532553,,,,,
Other,Paper,0.558532553,,,,,
Cnstr,Hlth,0.558827408,,,,,
Hlth,Cnstr,0.558827408,,,,,
Clths,Other,0.558997282,,,,,
Other,Clths,0.558997282,,,,,
Ships,Banks,0.559100418,,,,,
Banks,Ships,0.559100418,,,,,
Hshld,Ships,0.559938981,,,,,
Ships,Hshld,0.559938981,,,,,
Rubbr,Txtls,0.560271646,,,,,
Txtls,Rubbr,0.560271646,,,,,
RlEst,PerSv,0.560666447,,,,,
PerSv,RlEst,0.560666447,,,,,
FabPr,Food,0.561066617,,,,,
Food,FabPr,0.561066617,,,,,
Meals,FabPr,0.561376919,,,,,
FabPr,Meals,0.561376919,,,,,
Drugs,Boxes,0.562373033,,,,,
Boxes,Drugs,0.562373033,,,,,
MedEq,Util,0.562611889,,,,,
Util,MedEq,0.562611889,,,,,
Toys,PerSv,0.562987851,,,,,
PerSv,Toys,0.562987851,,,,,
Clths,FabPr,0.564212683,,,,,
FabPr,Clths,0.564212683,,,,,
Cnstr,Toys,0.564587713,,,,,
Toys,Cnstr,0.564587713,,,,,
Mines,Fin,0.5646123,,,,,
Fin,Mines,0.5646123,,,,,
Other,Fun,0.564687531,,,,,
Fun,Other,0.564687531,,,,,
Other,Food,0.56610673,,,,,
Food,Other,0.56610673,,,,,
Drugs,Txtls,0.566207681,,,,,
Txtls,Drugs,0.566207681,,,,,
Oil,Meals,0.566574763,,,,,
Meals,Oil,0.566574763,,,,,
Hlth,Paper,0.567422452,,,,,
Paper,Hlth,0.567422452,,,,,
Other,Steel,0.567622641,,,,,
Steel,Other,0.567622641,,,,,
Chips,Util,0.567912287,,,,,
Util,Chips,0.567912287,,,,,
Rubbr,Aero,0.569083239,,,,,
Aero,Rubbr,0.569083239,,,,,
Ships,Paper,0.569181145,,,,,
Paper,Ships,0.569181145,,,,,
Clths,Hlth,0.570587361,,,,,
Hlth,Clths,0.570587361,,,,,
FabPr,Telcm,0.570698649,,,,,
Telcm,FabPr,0.570698649,,,,,
Util,Boxes,0.571091933,,,,,
Boxes,Util,0.571091933,,,,,
Steel,Hlth,0.573090286,,,,,
Hlth,Steel,0.573090286,,,,,
FabPr,Comps,0.573116887,,,,,
Comps,FabPr,0.573116887,,,,,
MedEq,RlEst,0.573639129,,,,,
RlEst,MedEq,0.573639129,,,,,
BldMt,Mines,0.573801889,,,,,
Mines,BldMt,0.573801889,,,,,
Food,RlEst,0.574348061,,,,,
RlEst,Food,0.574348061,,,,,
Fun,Boxes,0.574392601,,,,,
Boxes,Fun,0.574392601,,,,,
Other,Banks,0.574444614,,,,,
Banks,Other,0.574444614,,,,,
RlEst,Telcm,0.574446085,,,,,
Telcm,RlEst,0.574446085,,,,,
Aero,Books,0.574475175,,,,,
Books,Aero,0.574475175,,,,,
Util,Meals,0.574861409,,,,,
Meals,Util,0.574861409,,,,,
Meals,Other,0.575489636,,,,,
Other,Meals,0.575489636,,,,,
Books,Boxes,0.576319949,,,,,
Boxes,Books,0.576319949,,,,,
Fun,RlEst,0.576718967,,,,,
RlEst,Fun,0.576718967,,,,,
Food,Oil,0.577471121,,,,,
Oil,Food,0.577471121,,,,,
FabPr,Cnstr,0.57777107,,,,,
Cnstr,FabPr,0.57777107,,,,,
Steel,Coal,0.578162063,,,,,
Coal,Steel,0.578162063,,,,,
Util,LabEq,0.578179294,,,,,
LabEq,Util,0.578179294,,,,,
Chips,FabPr,0.578473658,,,,,
FabPr,Chips,0.578473658,,,,,
PerSv,Txtls,0.579350987,,,,,
Txtls,PerSv,0.579350987,,,,,
Trans,Ships,0.579622501,,,,,
Ships,Trans,0.579622501,,,,,
Util,Clths,0.58033341,,,,,
Clths,Util,0.58033341,,,,,
PerSv,Hlth,0.580348426,,,,,
Hlth,PerSv,0.580348426,,,,,
Drugs,Rubbr,0.580533431,,,,,
Rubbr,Drugs,0.580533431,,,,,
RlEst,Comps,0.580989584,,,,,
Comps,RlEst,0.580989584,,,,,
Rtail,Ships,0.58100146,,,,,
Ships,Rtail,0.58100146,,,,,
RlEst,Chips,0.581196991,,,,,
Chips,RlEst,0.581196991,,,,,
Books,RlEst,0.581520443,,,,,
RlEst,Books,0.581520443,,,,,
FabPr,LabEq,0.582272887,,,,,
LabEq,FabPr,0.582272887,,,,,
MedEq,Boxes,0.582360805,,,,,
Boxes,MedEq,0.582360805,,,,,
Aero,Drugs,0.582729163,,,,,
Drugs,Aero,0.582729163,,,,,
RlEst,LabEq,0.583158509,,,,,
LabEq,RlEst,0.583158509,,,,,
Insur,Toys,0.583319476,,,,,
Toys,Insur,0.583319476,,,,,
PerSv,Aero,0.584051276,,,,,
Aero,PerSv,0.584051276,,,,,
Fun,Hlth,0.584068857,,,,,
Hlth,Fun,0.584068857,,,,,
Whlsl,Mines,0.584385855,,,,,
Mines,Whlsl,0.584385855,,,,,
Other,Autos,0.585240488,,,,,
Autos,Other,0.585240488,,,,,
FabPr,Insur,0.585477116,,,,,
Insur,FabPr,0.585477116,,,,,
Other,Drugs,0.585760281,,,,,
Drugs,Other,0.585760281,,,,,
Cnstr,Boxes,0.586286627,,,,,
Boxes,Cnstr,0.586286627,,,,,
Toys,Food,0.586322819,,,,,
Food,Toys,0.586322819,,,,,
Steel,Ships,0.586738845,,,,,
Ships,Steel,0.586738845,,,,,
Clths,RlEst,0.586871179,,,,,
RlEst,Clths,0.586871179,,,,,
Coal,Oil,0.587013249,,,,,
Oil,Coal,0.587013249,,,,,
Oil,Telcm,0.587023863,,,,,
Telcm,Oil,0.587023863,,,,,
Whlsl,Ships,0.587286405,,,,,
Ships,Whlsl,0.587286405,,,,,
Oil,MedEq,0.587676293,,,,,
MedEq,Oil,0.587676293,,,,,
Aero,Fun,0.588434275,,,,,
Fun,Aero,0.588434275,,,,,
Ships,Autos,0.588852568,,,,,
Autos,Ships,0.588852568,,,,,
Ships,Fin,0.589279185,,,,,
Fin,Ships,0.589279185,,,,,
Comps,Oil,0.589502034,,,,,
Oil,Comps,0.589502034,,,,,
Steel,Toys,0.590399446,,,,,
Toys,Steel,0.590399446,,,,,
ElcEq,Other,0.590620575,,,,,
Other,ElcEq,0.590620575,,,,,
Fun,Txtls,0.590817805,,,,,
Txtls,Fun,0.590817805,,,,,
Aero,Cnstr,0.591204359,,,,,
Cnstr,Aero,0.591204359,,,,,
Chems,Ships,0.591463022,,,,,
Ships,Chems,0.591463022,,,,,
Util,Books,0.592278665,,,,,
Books,Util,0.592278665,,,,,
Cnstr,Util,0.592587281,,,,,
Util,Cnstr,0.592587281,,,,,
Ships,BldMt,0.593433861,,,,,
BldMt,Ships,0.593433861,,,,,
Cnstr,RlEst,0.594373277,,,,,
RlEst,Cnstr,0.594373277,,,,,
FabPr,Banks,0.594497731,,,,,
Banks,FabPr,0.594497731,,,,,
Oil,Insur,0.594539657,,,,,
Insur,Oil,0.594539657,,,,,
Chems,Other,0.594580878,,,,,
Other,Chems,0.594580878,,,,,
Banks,Oil,0.595004363,,,,,
Oil,Banks,0.595004363,,,,,
Clths,Boxes,0.595522333,,,,,
Boxes,Clths,0.595522333,,,,,
Toys,Fun,0.595870638,,,,,
Fun,Toys,0.595870638,,,,,
Rubbr,Fun,0.595971507,,,,,
Fun,Rubbr,0.595971507,,,,,
ElcEq,Util,0.596116057,,,,,
Util,ElcEq,0.596116057,,,,,
Drugs,Toys,0.59629764,,,,,
Toys,Drugs,0.59629764,,,,,
Food,Hlth,0.596334395,,,,,
Hlth,Food,0.596334395,,,,,
Oil,Chips,0.596523198,,,,,
Chips,Oil,0.596523198,,,,,
Other,Telcm,0.597309091,,,,,
Telcm,Other,0.597309091,,,,,
Boxes,Meals,0.59756878,,,,,
Meals,Boxes,0.59756878,,,,,
Rubbr,PerSv,0.598222039,,,,,
PerSv,Rubbr,0.598222039,,,,,
Txtls,MedEq,0.599163035,,,,,
MedEq,Txtls,0.599163035,,,,,
Trans,Other,0.599193875,,,,,
Other,Trans,0.599193875,,,,,
FabPr,Hshld,0.599533771,,,,,
Hshld,FabPr,0.599533771,,,,,
Toys,Paper,0.599842993,,,,,
Paper,Toys,0.599842993,,,,,
RlEst,ElcEq,0.59994772,,,,,
ElcEq,RlEst,0.59994772,,,,,
Oil,Rtail,0.600153216,,,,,
Rtail,Oil,0.600153216,,,,,
Toys,Clths,0.601038957,,,,,
Clths,Toys,0.601038957,,,,,
Other,Fin,0.601621077,,,,,
Fin,Other,0.601621077,,,,,
BusSv,Util,0.602343202,,,,,
Util,BusSv,0.602343202,,,,,
ElcEq,FabPr,0.602531594,,,,,
FabPr,ElcEq,0.602531594,,,,,
Hlth,Insur,0.60289782,,,,,
Insur,Hlth,0.60289782,,,,,
Chems,Mines,0.603160495,,,,,
Mines,Chems,0.603160495,,,,,
Oil,LabEq,0.603323757,,,,,
LabEq,Oil,0.603323757,,,,,
FabPr,BusSv,0.603596394,,,,,
BusSv,FabPr,0.603596394,,,,,
FabPr,Trans,0.603728743,,,,,
Trans,FabPr,0.603728743,,,,,
Food,Boxes,0.604512883,,,,,
Boxes,Food,0.604512883,,,,,
Paper,FabPr,0.604520362,,,,,
FabPr,Paper,0.604520362,,,,,
Paper,RlEst,0.604586888,,,,,
RlEst,Paper,0.604586888,,,,,
Hshld,Other,0.604925894,,,,,
Other,Hshld,0.604925894,,,,,
Oil,Mines,0.605554213,,,,,
Mines,Oil,0.605554213,,,,,
ElcEq,Boxes,0.605724581,,,,,
Boxes,ElcEq,0.605724581,,,,,
Telcm,Hlth,0.605830575,,,,,
Hlth,Telcm,0.605830575,,,,,
Txtls,Food,0.606564405,,,,,
Food,Txtls,0.606564405,,,,,
Txtls,Cnstr,0.60814334,,,,,
Cnstr,Txtls,0.60814334,,,,,
Rubbr,Books,0.608591302,,,,,
Books,Rubbr,0.608591302,,,,,
Books,Txtls,0.608933648,,,,,
Txtls,Books,0.608933648,,,,,
Rubbr,Cnstr,0.608980973,,,,,
Cnstr,Rubbr,0.608980973,,,,,
Util,Telcm,0.608987481,,,,,
Telcm,Util,0.608987481,,,,,
Txtls,Comps,0.609135988,,,,,
Comps,Txtls,0.609135988,,,,,
Chips,Txtls,0.60944601,,,,,
Txtls,Chips,0.60944601,,,,,
Telcm,Txtls,0.609720148,,,,,
Txtls,Telcm,0.609720148,,,,,
Mines,Mach,0.609831701,,,,,
Mach,Mines,0.609831701,,,,,
Aero,Clths,0.610141557,,,,,
Clths,Aero,0.610141557,,,,,
Hlth,ElcEq,0.610551956,,,,,
ElcEq,Hlth,0.610551956,,,,,
Hshld,Oil,0.610794521,,,,,
Oil,Hshld,0.610794521,,,,,
Chems,Hlth,0.611147322,,,,,
Hlth,Chems,0.611147322,,,,,
Steel,RlEst,0.611376569,,,,,
RlEst,Steel,0.611376569,,,,,
Drugs,Books,0.611797035,,,,,
Books,Drugs,0.611797035,,,,,
Banks,Hlth,0.612098159,,,,,
Hlth,Banks,0.612098159,,,,,
Toys,Banks,0.612231152,,,,,
Banks,Toys,0.612231152,,,,,
Boxes,Telcm,0.612601547,,,,,
Telcm,Boxes,0.612601547,,,,,
BldMt,Other,0.612832025,,,,,
Other,BldMt,0.612832025,,,,,
Txtls,ElcEq,0.613280074,,,,,
ElcEq,Txtls,0.613280074,,,,,
Oil,Cnstr,0.613353923,,,,,
Cnstr,Oil,0.613353923,,,,,
RlEst,Chems,0.61404285,,,,,
Chems,RlEst,0.61404285,,,,,
Hlth,Autos,0.614805906,,,,,
Autos,Hlth,0.614805906,,,,,
Other,Rtail,0.615394333,,,,,
Rtail,Other,0.615394333,,,,,
Meals,RlEst,0.615507648,,,,,
RlEst,Meals,0.615507648,,,,,
LabEq,Boxes,0.615848392,,,,,
Boxes,LabEq,0.615848392,,,,,
Aero,Telcm,0.616049453,,,,,
Telcm,Aero,0.616049453,,,,,
Drugs,PerSv,0.61606495,,,,,
PerSv,Drugs,0.61606495,,,,,
Drugs,Cnstr,0.616206724,,,,,
Cnstr,Drugs,0.616206724,,,,,
Toys,ElcEq,0.616351986,,,,,
ElcEq,Toys,0.616351986,,,,,
Comps,Boxes,0.61642349,,,,,
Boxes,Comps,0.61642349,,,,,
LabEq,Txtls,0.61651379,,,,,
Txtls,LabEq,0.61651379,,,,,
Toys,Meals,0.616577582,,,,,
Meals,Toys,0.616577582,,,,,
Other,MedEq,0.616915565,,,,,
MedEq,Other,0.616915565,,,,,
Util,Oil,0.61708072,,,,,
Oil,Util,0.61708072,,,,,
Hlth,Meals,0.618103955,,,,,
Meals,Hlth,0.618103955,,,,,
Other,LabEq,0.618106986,,,,,
LabEq,Other,0.618106986,,,,,
Rubbr,Clths,0.618447969,,,,,
Clths,Rubbr,0.618447969,,,,,
Insur,RlEst,0.619473965,,,,,
RlEst,Insur,0.619473965,,,,,
Oil,Paper,0.619501152,,,,,
Paper,Oil,0.619501152,,,,,
Hlth,Trans,0.620248787,,,,,
Trans,Hlth,0.620248787,,,,,
Insur,Txtls,0.620631806,,,,,
Txtls,Insur,0.620631806,,,,,
Oil,BusSv,0.622139417,,,,,
BusSv,Oil,0.622139417,,,,,
Rtail,FabPr,0.622316529,,,,,
FabPr,Rtail,0.622316529,,,,,
Hlth,BldMt,0.622630963,,,,,
BldMt,Hlth,0.622630963,,,,,
Chems,Toys,0.622704955,,,,,
Toys,Chems,0.622704955,,,,,
Trans,RlEst,0.622705871,,,,,
RlEst,Trans,0.622705871,,,,,
BusSv,RlEst,0.62289821,,,,,
RlEst,BusSv,0.62289821,,,,,
Telcm,Toys,0.623542728,,,,,
Toys,Telcm,0.623542728,,,,,
Rubbr,MedEq,0.623581949,,,,,
MedEq,Rubbr,0.623581949,,,,,
Trans,Toys,0.623927001,,,,,
Toys,Trans,0.623927001,,,,,
Chips,Boxes,0.624522261,,,,,
Boxes,Chips,0.624522261,,,,,
Ships,Mach,0.624524907,,,,,
Mach,Ships,0.624524907,,,,,
Meals,Rubbr,0.625787984,,,,,
Rubbr,Meals,0.625787984,,,,,
Autos,RlEst,0.626002175,,,,,
RlEst,Autos,0.626002175,,,,,
Insur,Boxes,0.626217396,,,,,
Boxes,Insur,0.626217396,,,,,
Hshld,RlEst,0.626270534,,,,,
RlEst,Hshld,0.626270534,,,,,
Clths,Drugs,0.626613519,,,,,
Drugs,Clths,0.626613519,,,,,
Boxes,Banks,0.626806377,,,,,
Banks,Boxes,0.626806377,,,,,
Food,Aero,0.627714212,,,,,
Aero,Food,0.627714212,,,,,
Toys,MedEq,0.627993572,,,,,
MedEq,Toys,0.627993572,,,,,
Util,Hshld,0.628034982,,,,,
Hshld,Util,0.628034982,,,,,
Meals,Txtls,0.628119371,,,,,
Txtls,Meals,0.628119371,,,,,
Autos,FabPr,0.628693813,,,,,
FabPr,Autos,0.628693813,,,,,
Fin,Hlth,0.628847965,,,,,
Hlth,Fin,0.628847965,,,,,
Cnstr,PerSv,0.629152182,,,,,
PerSv,Cnstr,0.629152182,,,,,
Rubbr,Telcm,0.629312827,,,,,
Telcm,Rubbr,0.629312827,,,,,
Food,Rubbr,0.629502241,,,,,
Rubbr,Food,0.629502241,,,,,
MedEq,Aero,0.629731452,,,,,
Aero,MedEq,0.629731452,,,,,
Oil,Trans,0.631387921,,,,,
Trans,Oil,0.631387921,,,,,
Comps,Rubbr,0.631640567,,,,,
Rubbr,Comps,0.631640567,,,,,
Insur,Aero,0.63189465,,,,,
Aero,Insur,0.63189465,,,,,
MedEq,Books,0.63191828,,,,,
Books,MedEq,0.63191828,,,,,
Other,Comps,0.631977082,,,,,
Comps,Other,0.631977082,,,,,
Hlth,Hshld,0.632280174,,,,,
Hshld,Hlth,0.632280174,,,,,
Toys,Autos,0.633005779,,,,,
Autos,Toys,0.633005779,,,,,
Books,Fun,0.633376816,,,,,
Fun,Books,0.633376816,,,,,
Steel,Txtls,0.633755401,,,,,
Txtls,Steel,0.633755401,,,,,
Books,PerSv,0.634088577,,,,,
PerSv,Books,0.634088577,,,,,
Toys,LabEq,0.634217304,,,,,
LabEq,Toys,0.634217304,,,,,
FabPr,Fin,0.634232488,,,,,
Fin,FabPr,0.634232488,,,,,
Fun,Cnstr,0.63428843,,,,,
Cnstr,Fun,0.63428843,,,,,
Aero,ElcEq,0.635063216,,,,,
ElcEq,Aero,0.635063216,,,,,
Chips,Other,0.635089801,,,,,
Other,Chips,0.635089801,,,,,
ElcEq,Oil,0.635242862,,,,,
Oil,ElcEq,0.635242862,,,,,
Fun,PerSv,0.635504667,,,,,
PerSv,Fun,0.635504667,,,,,
Aero,Meals,0.635537423,,,,,
Meals,Aero,0.635537423,,,,,
Mach,Other,0.635895495,,,,,
Other,Mach,0.635895495,,,,,
Clths,PerSv,0.635988694,,,,,
PerSv,Clths,0.635988694,,,,,
Rubbr,Insur,0.636552544,,,,,
Insur,Rubbr,0.636552544,,,,,
Fin,Toys,0.636598044,,,,,
Toys,Fin,0.636598044,,,,,
Drugs,Hlth,0.636643759,,,,,
Hlth,Drugs,0.636643759,,,,,
Boxes,Hshld,0.637545784,,,,,
Hshld,Boxes,0.637545784,,,,,
Clths,Txtls,0.637689253,,,,,
Txtls,Clths,0.637689253,,,,,
Hshld,Toys,0.637743041,,,,,
Toys,Hshld,0.637743041,,,,,
Insur,Drugs,0.638093692,,,,,
Drugs,Insur,0.638093692,,,,,
Util,Trans,0.638649387,,,,,
Trans,Util,0.638649387,,,,,
Chems,FabPr,0.640138166,,,,,
FabPr,Chems,0.640138166,,,,,
Banks,Aero,0.640216449,,,,,
Aero,Banks,0.640216449,,,,,
Rtail,RlEst,0.640619091,,,,,
RlEst,Rtail,0.640619091,,,,,
Aero,LabEq,0.641127022,,,,,
LabEq,Aero,0.641127022,,,,,
Hlth,Rtail,0.641587264,,,,,
Rtail,Hlth,0.641587264,,,,,
Hlth,Mach,0.64188366,,,,,
Mach,Hlth,0.64188366,,,,,
Oil,Autos,0.642101956,,,,,
Autos,Oil,0.642101956,,,,,
Banks,Txtls,0.642336191,,,,,
Txtls,Banks,0.642336191,,,,,
Rubbr,LabEq,0.642337519,,,,,
LabEq,Rubbr,0.642337519,,,,,
Chips,Rubbr,0.642447746,,,,,
Rubbr,Chips,0.642447746,,,,,
Paper,Drugs,0.64365068,,,,,
Drugs,Paper,0.64365068,,,,,
Chips,Aero,0.643781487,,,,,
Aero,Chips,0.643781487,,,,,
Food,PerSv,0.643854188,,,,,
PerSv,Food,0.643854188,,,,,
FabPr,BldMt,0.643958252,,,,,
BldMt,FabPr,0.643958252,,,,,
Txtls,BusSv,0.644223058,,,,,
BusSv,Txtls,0.644223058,,,,,
BldMt,Toys,0.64443162,,,,,
Toys,BldMt,0.64443162,,,,,
Whlsl,Util,0.644484628,,,,,
Util,Whlsl,0.644484628,,,,,
RlEst,Banks,0.644520275,,,,,
Banks,RlEst,0.644520275,,,,,
FabPr,Whlsl,0.644913576,,,,,
Whlsl,FabPr,0.644913576,,,,,
Books,Cnstr,0.64535416,,,,,
Cnstr,Books,0.64535416,,,,,
Aero,Paper,0.645939896,,,,,
Paper,Aero,0.645939896,,,,,
Food,Cnstr,0.645959742,,,,,
Cnstr,Food,0.645959742,,,,,
Hlth,Chips,0.646110744,,,,,
Chips,Hlth,0.646110744,,,,,
Cnstr,MedEq,0.646766808,,,,,
MedEq,Cnstr,0.646766808,,,,,
LabEq,Hlth,0.64698225,,,,,
Hlth,LabEq,0.64698225,,,,,
Util,Banks,0.647777371,,,,,
Banks,Util,0.647777371,,,,,
Aero,Comps,0.647902867,,,,,
Comps,Aero,0.647902867,,,,,
ElcEq,Rubbr,0.648558263,,,,,
Rubbr,ElcEq,0.648558263,,,,,
Util,Rtail,0.648646842,,,,,
Rtail,Util,0.648646842,,,,,
Books,Comps,0.648818435,,,,,
Comps,Books,0.648818435,,,,,
Drugs,Steel,0.649232811,,,,,
Steel,Drugs,0.649232811,,,,,
Drugs,Fun,0.649289252,,,,,
Fun,Drugs,0.649289252,,,,,
Whlsl,Other,0.650067938,,,,,
Other,Whlsl,0.650067938,,,,,
Steel,Mines,0.650170971,,,,,
Mines,Steel,0.650170971,,,,,
Aero,Steel,0.650337342,,,,,
Steel,Aero,0.650337342,,,,,
Fin,Oil,0.650725229,,,,,
Oil,Fin,0.650725229,,,,,
Toys,Comps,0.651576738,,,,,
Comps,Toys,0.651576738,,,,,
FabPr,Steel,0.651582684,,,,,
Steel,FabPr,0.651582684,,,,,
Trans,Txtls,0.651592736,,,,,
Txtls,Trans,0.651592736,,,,,
ElcEq,PerSv,0.651990077,,,,,
PerSv,ElcEq,0.651990077,,,,,
Fun,Food,0.65204063,,,,,
Food,Fun,0.65204063,,,,,
Boxes,BusSv,0.652186177,,,,,
BusSv,Boxes,0.652186177,,,,,
Paper,Txtls,0.652521618,,,,,
Txtls,Paper,0.652521618,,,,,
PerSv,Steel,0.653134314,,,,,
Steel,PerSv,0.653134314,,,,,
Toys,Chips,0.653319239,,,,,
Chips,Toys,0.653319239,,,,,
Telcm,PerSv,0.653684573,,,,,
PerSv,Telcm,0.653684573,,,,,
Txtls,Chems,0.653710601,,,,,
Chems,Txtls,0.653710601,,,,,
Clths,Fun,0.653913648,,,,,
Fun,Clths,0.653913648,,,,,
Rubbr,Paper,0.654124422,,,,,
Paper,Rubbr,0.654124422,,,,,
Boxes,Steel,0.654177995,,,,,
Steel,Boxes,0.654177995,,,,,
Boxes,Trans,0.654440681,,,,,
Trans,Boxes,0.654440681,,,,,
Util,Paper,0.654491542,,,,,
Paper,Util,0.654491542,,,,,
Autos,Util,0.654791769,,,,,
Util,Autos,0.654791769,,,,,
RlEst,Whlsl,0.655092871,,,,,
Whlsl,RlEst,0.655092871,,,,,
Fin,Txtls,0.655286462,,,,,
Txtls,Fin,0.655286462,,,,,
Meals,Drugs,0.655390689,,,,,
Drugs,Meals,0.655390689,,,,,
Drugs,Food,0.655752325,,,,,
Food,Drugs,0.655752325,,,,,
Chips,Books,0.656781083,,,,,
Books,Chips,0.656781083,,,,,
Toys,Rtail,0.657256729,,,,,
Rtail,Toys,0.657256729,,,,,
Util,Steel,0.657283653,,,,,
Steel,Util,0.657283653,,,,,
Util,BldMt,0.657319133,,,,,
BldMt,Util,0.657319133,,,,,
Paper,PerSv,0.657467317,,,,,
PerSv,Paper,0.657467317,,,,,
RlEst,BldMt,0.657521471,,,,,
BldMt,RlEst,0.657521471,,,,,
Books,Clths,0.657638906,,,,,
Clths,Books,0.657638906,,,,,
Boxes,Autos,0.65786372,,,,,
Autos,Boxes,0.65786372,,,,,
PerSv,MedEq,0.657947547,,,,,
MedEq,PerSv,0.657947547,,,,,
Books,Food,0.658241783,,,,,
Food,Books,0.658241783,,,,,
MedEq,Clths,0.65840134,,,,,
Clths,MedEq,0.65840134,,,,,
Paper,Boxes,0.658413492,,,,,
Boxes,Paper,0.658413492,,,,,
Aero,Hshld,0.658477654,,,,,
Hshld,Aero,0.658477654,,,,,
Books,LabEq,0.65885343,,,,,
LabEq,Books,0.65885343,,,,,
Boxes,BldMt,0.6588905,,,,,
BldMt,Boxes,0.6588905,,,,,
Mach,RlEst,0.659213514,,,,,
RlEst,Mach,0.659213514,,,,,
Drugs,Banks,0.659802179,,,,,
Banks,Drugs,0.659802179,,,,,
Cnstr,Comps,0.660076883,,,,,
Comps,Cnstr,0.660076883,,,,,
Books,ElcEq,0.660264354,,,,,
ElcEq,Books,0.660264354,,,,,
Toys,Mach,0.660370364,,,,,
Mach,Toys,0.660370364,,,,,
PerSv,Insur,0.660788671,,,,,
Insur,PerSv,0.660788671,,,,,
Meals,Books,0.661305878,,,,,
Books,Meals,0.661305878,,,,,
Rubbr,Steel,0.661909977,,,,,
Steel,Rubbr,0.661909977,,,,,
Cnstr,Telcm,0.66246856,,,,,
Telcm,Cnstr,0.66246856,,,,,
Util,Food,0.662483512,,,,,
Food,Util,0.662483512,,,,,
Banks,Rubbr,0.662832301,,,,,
Rubbr,Banks,0.662832301,,,,,
Rubbr,Trans,0.663810024,,,,,
Trans,Rubbr,0.663810024,,,,,
Hlth,Comps,0.664148812,,,,,
Comps,Hlth,0.664148812,,,,,
BusSv,Other,0.664617925,,,,,
Other,BusSv,0.664617925,,,,,
Boxes,Fin,0.665393046,,,,,
Fin,Boxes,0.665393046,,,,,
Fin,Aero,0.666103644,,,,,
Aero,Fin,0.666103644,,,,,
RlEst,Fin,0.666155552,,,,,
Fin,RlEst,0.666155552,,,,,
Boxes,Rtail,0.666801238,,,,,
Rtail,Boxes,0.666801238,,,,,
Fun,Insur,0.667032201,,,,,
Insur,Fun,0.667032201,,,,,
PerSv,Meals,0.667255131,,,,,
Meals,PerSv,0.667255131,,,,,
Txtls,Autos,0.667302209,,,,,
Autos,Txtls,0.667302209,,,,,
Fin,Util,0.667328766,,,,,
Util,Fin,0.667328766,,,,,
Comps,PerSv,0.667512786,,,,,
PerSv,Comps,0.667512786,,,,,
Insur,MedEq,0.667777814,,,,,
MedEq,Insur,0.667777814,,,,,
BusSv,Aero,0.667932026,,,,,
Aero,BusSv,0.667932026,,,,,
Fun,Steel,0.668243139,,,,,
Steel,Fun,0.668243139,,,,,
Paper,MedEq,0.668648808,,,,,
MedEq,Paper,0.668648808,,,,,
Fun,Paper,0.668705612,,,,,
Paper,Fun,0.668705612,,,,,
Oil,BldMt,0.66913933,,,,,
BldMt,Oil,0.66913933,,,,,
Meals,Cnstr,0.669275903,,,,,
Cnstr,Meals,0.669275903,,,,,
LabEq,PerSv,0.669868609,,,,,
PerSv,LabEq,0.669868609,,,,,
Boxes,Whlsl,0.670362382,,,,,
Whlsl,Boxes,0.670362382,,,,,
Chips,Cnstr,0.670789088,,,,,
Cnstr,Chips,0.670789088,,,,,
Chips,PerSv,0.670974762,,,,,
PerSv,Chips,0.670974762,,,,,
Clths,Cnstr,0.671023384,,,,,
Cnstr,Clths,0.671023384,,,,,
ElcEq,Fun,0.671351141,,,,,
Fun,ElcEq,0.671351141,,,,,
Hlth,Whlsl,0.671429734,,,,,
Whlsl,Hlth,0.671429734,,,,,
Hshld,Rubbr,0.671617061,,,,,
Rubbr,Hshld,0.671617061,,,,,
Cnstr,LabEq,0.671669749,,,,,
LabEq,Cnstr,0.671669749,,,,,
Whlsl,Txtls,0.672218891,,,,,
Txtls,Whlsl,0.672218891,,,,,
Drugs,Autos,0.672556924,,,,,
Autos,Drugs,0.672556924,,,,,
Aero,Chems,0.673063716,,,,,
Chems,Aero,0.673063716,,,,,
Txtls,Hshld,0.673503342,,,,,
Hshld,Txtls,0.673503342,,,,,
Insur,Comps,0.673576145,,,,,
Comps,Insur,0.673576145,,,,,
Aero,Rtail,0.674310274,,,,,
Rtail,Aero,0.674310274,,,,,
Whlsl,Toys,0.674341915,,,,,
Toys,Whlsl,0.674341915,,,,,
Rubbr,Chems,0.674456071,,,,,
Chems,Rubbr,0.674456071,,,,,
Autos,Aero,0.674676174,,,,,
Aero,Autos,0.674676174,,,,,
Autos,Rubbr,0.675257861,,,,,
Rubbr,Autos,0.675257861,,,,,
Rubbr,BusSv,0.675270183,,,,,
BusSv,Rubbr,0.675270183,,,,,
Boxes,Chems,0.675425041,,,,,
Chems,Boxes,0.675425041,,,,,
Aero,Trans,0.676312739,,,,,
Trans,Aero,0.676312739,,,,,
Chems,PerSv,0.676389903,,,,,
PerSv,Chems,0.676389903,,,,,
BusSv,Toys,0.676693454,,,,,
Toys,BusSv,0.676693454,,,,,
Food,Clths,0.677527092,,,,,
Clths,Food,0.677527092,,,,,
Steel,MedEq,0.677684446,,,,,
MedEq,Steel,0.677684446,,,,,
MedEq,Fun,0.678134985,,,,,
Fun,MedEq,0.678134985,,,,,
Util,Insur,0.678619739,,,,,
Insur,Util,0.678619739,,,,,
Clths,LabEq,0.67872603,,,,,
LabEq,Clths,0.67872603,,,,,
Clths,Telcm,0.679699099,,,,,
Telcm,Clths,0.679699099,,,,,
Chips,Insur,0.679857742,,,,,
Insur,Chips,0.679857742,,,,,
FabPr,Mach,0.680918208,,,,,
Mach,FabPr,0.680918208,,,,,
Aero,BldMt,0.68094822,,,,,
BldMt,Aero,0.68094822,,,,,
Hlth,MedEq,0.68109046,,,,,
MedEq,Hlth,0.68109046,,,,,
ElcEq,Clths,0.681123768,,,,,
Clths,ElcEq,0.681123768,,,,,
PerSv,Hshld,0.681687378,,,,,
Hshld,PerSv,0.681687378,,,,,
Steel,Books,0.682202742,,,,,
Books,Steel,0.682202742,,,,,
Rtail,Txtls,0.682221796,,,,,
Txtls,Rtail,0.682221796,,,,,
Rtail,Rubbr,0.682796584,,,,,
Rubbr,Rtail,0.682796584,,,,,
ElcEq,Cnstr,0.682816186,,,,,
Cnstr,ElcEq,0.682816186,,,,,
Oil,Whlsl,0.68298188,,,,,
Whlsl,Oil,0.68298188,,,,,
Banks,PerSv,0.683097075,,,,,
PerSv,Banks,0.683097075,,,,,
Chips,Food,0.684181598,,,,,
Food,Chips,0.684181598,,,,,
Comps,Clths,0.684289978,,,,,
Clths,Comps,0.684289978,,,,,
Fin,Rubbr,0.684318276,,,,,
Rubbr,Fin,0.684318276,,,,,
Chips,Clths,0.684492107,,,,,
Clths,Chips,0.684492107,,,,,
Mach,Txtls,0.684824091,,,,,
Txtls,Mach,0.684824091,,,,,
Books,Telcm,0.685124309,,,,,
Telcm,Books,0.685124309,,,,,
Whlsl,Aero,0.685311827,,,,,
Aero,Whlsl,0.685311827,,,,,
Clths,Insur,0.685376918,,,,,
Insur,Clths,0.685376918,,,,,
Drugs,BldMt,0.685449712,,,,,
BldMt,Drugs,0.685449712,,,,,
Banks,Fun,0.68567552,,,,,
Fun,Banks,0.68567552,,,,,
Txtls,BldMt,0.685770324,,,,,
BldMt,Txtls,0.685770324,,,,,
Food,Telcm,0.685903672,,,,,
Telcm,Food,0.685903672,,,,,
PerSv,Autos,0.686326879,,,,,
Autos,PerSv,0.686326879,,,,,
BusSv,Hlth,0.68692452,,,,,
Hlth,BusSv,0.68692452,,,,,
Insur,LabEq,0.687036141,,,,,
LabEq,Insur,0.687036141,,,,,
Fun,Chems,0.687253153,,,,,
Chems,Fun,0.687253153,,,,,
Mach,Util,0.68760166,,,,,
Util,Mach,0.68760166,,,,,
Chems,Util,0.687620505,,,,,
Util,Chems,0.687620505,,,,,
LabEq,Food,0.688024134,,,,,
Food,LabEq,0.688024134,,,,,
Fun,LabEq,0.688459585,,,,,
LabEq,Fun,0.688459585,,,,,
ElcEq,Food,0.688545485,,,,,
Food,ElcEq,0.688545485,,,,,
Food,MedEq,0.688707418,,,,,
MedEq,Food,0.688707418,,,,,
Food,Comps,0.68889023,,,,,
Comps,Food,0.68889023,,,,,
Meals,Steel,0.689376429,,,,,
Steel,Meals,0.689376429,,,,,
Meals,Fun,0.68997048,,,,,
Fun,Meals,0.68997048,,,,,
Paper,Comps,0.69044798,,,,,
Comps,Paper,0.69044798,,,,,
Insur,ElcEq,0.690685807,,,,,
ElcEq,Insur,0.690685807,,,,,
BldMt,Rubbr,0.69100251,,,,,
Rubbr,BldMt,0.69100251,,,,,
Trans,Drugs,0.691697862,,,,,
Drugs,Trans,0.691697862,,,,,
Mach,Boxes,0.692514544,,,,,
Boxes,Mach,0.692514544,,,,,
Trans,PerSv,0.693558657,,,,,
PerSv,Trans,0.693558657,,,,,
Meals,ElcEq,0.693649295,,,,,
ElcEq,Meals,0.693649295,,,,,
Drugs,Hshld,0.693809531,,,,,
Hshld,Drugs,0.693809531,,,,,
Chips,Paper,0.694567072,,,,,
Paper,Chips,0.694567072,,,,,
Meals,Telcm,0.694866046,,,,,
Telcm,Meals,0.694866046,,,,,
Meals,Food,0.694885721,,,,,
Food,Meals,0.694885721,,,,,
Steel,Clths,0.695029499,,,,,
Clths,Steel,0.695029499,,,,,
Insur,Books,0.695330962,,,,,
Books,Insur,0.695330962,,,,,
Food,Steel,0.696686794,,,,,
Steel,Food,0.696686794,,,,,
Meals,Insur,0.696726242,,,,,
Insur,Meals,0.696726242,,,,,
PerSv,BldMt,0.697281991,,,,,
BldMt,PerSv,0.697281991,,,,,
Books,Trans,0.698042053,,,,,
Trans,Books,0.698042053,,,,,
Cnstr,Paper,0.699964255,,,,,
Paper,Cnstr,0.699964255,,,,,
Fun,Hshld,0.700251351,,,,,
Hshld,Fun,0.700251351,,,,,
Paper,Meals,0.700584129,,,,,
Meals,Paper,0.700584129,,,,,
Fun,Trans,0.7010992,,,,,
Trans,Fun,0.7010992,,,,,
Telcm,Fun,0.701429284,,,,,
Fun,Telcm,0.701429284,,,,,
Whlsl,Rubbr,0.701869283,,,,,
Rubbr,Whlsl,0.701869283,,,,,
Drugs,Chems,0.701976121,,,,,
Chems,Drugs,0.701976121,,,,,
Drugs,Fin,0.70197919,,,,,
Fin,Drugs,0.70197919,,,,,
Clths,Banks,0.702157819,,,,,
Banks,Clths,0.702157819,,,,,
Insur,Telcm,0.702873068,,,,,
Telcm,Insur,0.702873068,,,,,
Books,BusSv,0.702933014,,,,,
BusSv,Books,0.702933014,,,,,
Banks,MedEq,0.702999569,,,,,
MedEq,Banks,0.702999569,,,,,
ElcEq,Drugs,0.703324772,,,,,
Drugs,ElcEq,0.703324772,,,,,
Meals,Clths,0.703327011,,,,,
Clths,Meals,0.703327011,,,,,
LabEq,Meals,0.703399594,,,,,
Meals,LabEq,0.703399594,,,,,
Mach,Aero,0.703775528,,,,,
Aero,Mach,0.703775528,,,,,
Paper,Clths,0.704550028,,,,,
Clths,Paper,0.704550028,,,,,
Fun,Comps,0.70514334,,,,,
Comps,Fun,0.70514334,,,,,
Paper,LabEq,0.705326533,,,,,
LabEq,Paper,0.705326533,,,,,
Autos,Fun,0.705633725,,,,,
Fun,Autos,0.705633725,,,,,
Chems,Books,0.706137827,,,,,
Books,Chems,0.706137827,,,,,
Banks,Chips,0.70683352,,,,,
Chips,Banks,0.70683352,,,,,
Books,Hshld,0.707162972,,,,,
Hshld,Books,0.707162972,,,,,
Banks,Comps,0.707244551,,,,,
Comps,Banks,0.707244551,,,,,
BusSv,Cnstr,0.708863923,,,,,
Cnstr,BusSv,0.708863923,,,,,
Autos,MedEq,0.708941453,,,,,
MedEq,Autos,0.708941453,,,,,
Paper,Telcm,0.709197883,,,,,
Telcm,Paper,0.709197883,,,,,
Paper,ElcEq,0.709430696,,,,,
ElcEq,Paper,0.709430696,,,,,
Mach,Rubbr,0.709529642,,,,,
Rubbr,Mach,0.709529642,,,,,
Hshld,Cnstr,0.709632336,,,,,
Cnstr,Hshld,0.709632336,,,,,
Banks,LabEq,0.710066723,,,,,
LabEq,Banks,0.710066723,,,,,
Books,Paper,0.710067984,,,,,
Paper,Books,0.710067984,,,,,
Fun,Chips,0.710090505,,,,,
Chips,Fun,0.710090505,,,,,
Fun,BldMt,0.710176412,,,,,
BldMt,Fun,0.710176412,,,,,
Chips,Meals,0.710634806,,,,,
Meals,Chips,0.710634806,,,,,
Paper,Food,0.711239194,,,,,
Food,Paper,0.711239194,,,,,
Steel,Comps,0.711723739,,,,,
Comps,Steel,0.711723739,,,,,
Chems,Oil,0.711742615,,,,,
Oil,Chems,0.711742615,,,,,
Meals,MedEq,0.711990865,,,,,
MedEq,Meals,0.711990865,,,,,
Cnstr,Trans,0.712481817,,,,,
Trans,Cnstr,0.712481817,,,,,
PerSv,Fin,0.712601509,,,,,
Fin,PerSv,0.712601509,,,,,
Banks,Books,0.712833307,,,,,
Books,Banks,0.712833307,,,,,
Cnstr,Banks,0.713469594,,,,,
Banks,Cnstr,0.713469594,,,,,
BusSv,PerSv,0.714145984,,,,,
PerSv,BusSv,0.714145984,,,,,
Cnstr,Insur,0.714534029,,,,,
Insur,Cnstr,0.714534029,,,,,
Clths,Chems,0.715552299,,,,,
Chems,Clths,0.715552299,,,,,
ElcEq,Banks,0.716071056,,,,,
Banks,ElcEq,0.716071056,,,,,
Books,BldMt,0.71613205,,,,,
BldMt,Books,0.71613205,,,,,
Food,Insur,0.716479377,,,,,
Insur,Food,0.716479377,,,,,
Mach,PerSv,0.717850479,,,,,
PerSv,Mach,0.717850479,,,,,
Whlsl,Books,0.718955197,,,,,
Books,Whlsl,0.718955197,,,,,
Trans,MedEq,0.719337021,,,,,
MedEq,Trans,0.719337021,,,,,
Chems,MedEq,0.71978689,,,,,
MedEq,Chems,0.71978689,,,,,
Banks,Telcm,0.719842676,,,,,
Telcm,Banks,0.719842676,,,,,
Rtail,PerSv,0.720363742,,,,,
PerSv,Rtail,0.720363742,,,,,
Trans,Food,0.72132284,,,,,
Food,Trans,0.72132284,,,,,
Steel,Telcm,0.72204658,,,,,
Telcm,Steel,0.72204658,,,,,
Meals,Comps,0.722938383,,,,,
Comps,Meals,0.722938383,,,,,
Chems,Meals,0.723319038,,,,,
Meals,Chems,0.723319038,,,,,
Food,Banks,0.723858178,,,,,
Banks,Food,0.723858178,,,,,
Steel,LabEq,0.723942014,,,,,
LabEq,Steel,0.723942014,,,,,
Cnstr,Chems,0.724070667,,,,,
Chems,Cnstr,0.724070667,,,,,
PerSv,Whlsl,0.72486926,,,,,
Whlsl,PerSv,0.72486926,,,,,
Drugs,Rtail,0.725922934,,,,,
Rtail,Drugs,0.725922934,,,,,
Food,Autos,0.726165873,,,,,
Autos,Food,0.726165873,,,,,
Fun,Fin,0.726219009,,,,,
Fin,Fun,0.726219009,,,,,
Fin,MedEq,0.726272399,,,,,
MedEq,Fin,0.726272399,,,,,
Books,Autos,0.726832306,,,,,
Autos,Books,0.726832306,,,,,
Trans,Clths,0.72697854,,,,,
Clths,Trans,0.72697854,,,,,
MedEq,ElcEq,0.727252435,,,,,
ElcEq,MedEq,0.727252435,,,,,
Steel,Banks,0.727265548,,,,,
Banks,Steel,0.727265548,,,,,
Insur,Steel,0.727595786,,,,,
Steel,Insur,0.727595786,,,,,
BusSv,Clths,0.727711808,,,,,
Clths,BusSv,0.727711808,,,,,
Meals,Banks,0.727882883,,,,,
Banks,Meals,0.727882883,,,,,
Mach,Fun,0.728195979,,,,,
Fun,Mach,0.728195979,,,,,
BusSv,Food,0.728629961,,,,,
Food,BusSv,0.728629961,,,,,
Steel,Cnstr,0.728964728,,,,,
Cnstr,Steel,0.728964728,,,,,
MedEq,BldMt,0.730030089,,,,,
BldMt,MedEq,0.730030089,,,,,
Food,Chems,0.730150572,,,,,
Chems,Food,0.730150572,,,,,
Chips,Steel,0.731226431,,,,,
Steel,Chips,0.731226431,,,,,
BusSv,Insur,0.731287367,,,,,
Insur,BusSv,0.731287367,,,,,
ElcEq,Telcm,0.732857054,,,,,
Telcm,ElcEq,0.732857054,,,,,
Hshld,Food,0.733019553,,,,,
Food,Hshld,0.733019553,,,,,
Telcm,MedEq,0.733490222,,,,,
MedEq,Telcm,0.733490222,,,,,
Clths,BldMt,0.734233064,,,,,
BldMt,Clths,0.734233064,,,,,
Food,BldMt,0.734624542,,,,,
BldMt,Food,0.734624542,,,,,
Steel,Oil,0.734681715,,,,,
Oil,Steel,0.734681715,,,,,
Fin,Food,0.734691577,,,,,
Food,Fin,0.734691577,,,,,
Autos,Cnstr,0.734790432,,,,,
Cnstr,Autos,0.734790432,,,,,
Autos,Comps,0.735323239,,,,,
Comps,Autos,0.735323239,,,,,
BusSv,Paper,0.735565983,,,,,
Paper,BusSv,0.735565983,,,,,
MedEq,Hshld,0.735684633,,,,,
Hshld,MedEq,0.735684633,,,,,
Insur,Hshld,0.735982879,,,,,
Hshld,Insur,0.735982879,,,,,
Rtail,Fun,0.736032894,,,,,
Fun,Rtail,0.736032894,,,,,
Whlsl,Cnstr,0.736066339,,,,,
Cnstr,Whlsl,0.736066339,,,,,
Hshld,Clths,0.736238625,,,,,
Clths,Hshld,0.736238625,,,,,
Books,Fin,0.736564325,,,,,
Fin,Books,0.736564325,,,,,
Fun,Whlsl,0.736566364,,,,,
Whlsl,Fun,0.736566364,,,,,
Clths,Fin,0.737063643,,,,,
Fin,Clths,0.737063643,,,,,
Mach,Drugs,0.737834413,,,,,
Drugs,Mach,0.737834413,,,,,
Chems,Comps,0.738108767,,,,,
Comps,Chems,0.738108767,,,,,
Telcm,Hshld,0.738303956,,,,,
Hshld,Telcm,0.738303956,,,,,
Whlsl,Drugs,0.739261934,,,,,
Drugs,Whlsl,0.739261934,,,,,
ElcEq,Steel,0.739598208,,,,,
Steel,ElcEq,0.739598208,,,,,
Telcm,Autos,0.7399746,,,,,
Autos,Telcm,0.7399746,,,,,
Hshld,ElcEq,0.740437287,,,,,
ElcEq,Hshld,0.740437287,,,,,
Telcm,Chems,0.740606104,,,,,
Chems,Telcm,0.740606104,,,,,
ElcEq,Trans,0.741202877,,,,,
Trans,ElcEq,0.741202877,,,,,
Clths,Autos,0.74123786,,,,,
Autos,Clths,0.74123786,,,,,
Telcm,BldMt,0.741280316,,,,,
BldMt,Telcm,0.741280316,,,,,
Mach,Books,0.741306896,,,,,
Books,Mach,0.741306896,,,,,
LabEq,Autos,0.741362126,,,,,
Autos,LabEq,0.741362126,,,,,
Drugs,Telcm,0.742376863,,,,,
Telcm,Drugs,0.742376863,,,,,
Autos,Chips,0.743079001,,,,,
Chips,Autos,0.743079001,,,,,
Trans,Meals,0.743630243,,,,,
Meals,Trans,0.743630243,,,,,
Rtail,Cnstr,0.743981413,,,,,
Cnstr,Rtail,0.743981413,,,,,
BldMt,Comps,0.744118538,,,,,
Comps,BldMt,0.744118538,,,,,
Autos,Meals,0.744146222,,,,,
Meals,Autos,0.744146222,,,,,
Telcm,Trans,0.744498213,,,,,
Trans,Telcm,0.744498213,,,,,
ElcEq,Autos,0.744850975,,,,,
Autos,ElcEq,0.744850975,,,,,
BldMt,Meals,0.744948617,,,,,
Meals,BldMt,0.744948617,,,,,
Rtail,Books,0.745019303,,,,,
Books,Rtail,0.745019303,,,,,
LabEq,Trans,0.74506058,,,,,
Trans,LabEq,0.74506058,,,,,
Mach,Oil,0.745517002,,,,,
Oil,Mach,0.745517002,,,,,
BusSv,Fun,0.745552309,,,,,
Fun,BusSv,0.745552309,,,,,
Trans,Insur,0.746259612,,,,,
Insur,Trans,0.746259612,,,,,
Hshld,Steel,0.746449333,,,,,
Steel,Hshld,0.746449333,,,,,
Fin,Meals,0.746525733,,,,,
Meals,Fin,0.746525733,,,,,
Chips,Chems,0.748309769,,,,,
Chems,Chips,0.748309769,,,,,
MedEq,Rtail,0.748336971,,,,,
Rtail,MedEq,0.748336971,,,,,
LabEq,Chems,0.749258838,,,,,
Chems,LabEq,0.749258838,,,,,
Hshld,Meals,0.749287926,,,,,
Meals,Hshld,0.749287926,,,,,
Food,Whlsl,0.749550381,,,,,
Whlsl,Food,0.749550381,,,,,
Fin,Cnstr,0.749993165,,,,,
Cnstr,Fin,0.749993165,,,,,
LabEq,Hshld,0.750153226,,,,,
Hshld,LabEq,0.750153226,,,,,
Trans,Comps,0.750223017,,,,,
Comps,Trans,0.750223017,,,,,
Meals,BusSv,0.750867478,,,,,
BusSv,Meals,0.750867478,,,,,
BusSv,Steel,0.750925627,,,,,
Steel,BusSv,0.750925627,,,,,
Whlsl,Clths,0.751191297,,,,,
Clths,Whlsl,0.751191297,,,,,
Rtail,Food,0.752256671,,,,,
Food,Rtail,0.752256671,,,,,
Hshld,Chips,0.752640085,,,,,
Chips,Hshld,0.752640085,,,,,
Paper,Hshld,0.753454081,,,,,
Hshld,Paper,0.753454081,,,,,
Clths,Mach,0.753667106,,,,,
Mach,Clths,0.753667106,,,,,
Hshld,Comps,0.75437687,,,,,
Comps,Hshld,0.75437687,,,,,
Insur,Chems,0.754467266,,,,,
Chems,Insur,0.754467266,,,,,
Paper,Insur,0.754675764,,,,,
Insur,Paper,0.754675764,,,,,
Trans,Chips,0.754887435,,,,,
Chips,Trans,0.754887435,,,,,
Banks,Paper,0.754973088,,,,,
Paper,Banks,0.754973088,,,,,
LabEq,Drugs,0.755536304,,,,,
Drugs,LabEq,0.755536304,,,,,
Mach,Food,0.755700979,,,,,
Food,Mach,0.755700979,,,,,
BldMt,Chips,0.755743466,,,,,
Chips,BldMt,0.755743466,,,,,
Chems,ElcEq,0.756153578,,,,,
ElcEq,Chems,0.756153578,,,,,
BldMt,LabEq,0.757412892,,,,,
LabEq,BldMt,0.757412892,,,,,
ElcEq,Rtail,0.757637373,,,,,
Rtail,ElcEq,0.757637373,,,,,
Autos,Insur,0.757703516,,,,,
Insur,Autos,0.757703516,,,,,
BusSv,Banks,0.75818688,,,,,
Banks,BusSv,0.75818688,,,,,
Meals,Mach,0.758471312,,,,,
Mach,Meals,0.758471312,,,,,
Chems,Banks,0.759086963,,,,,
Banks,Chems,0.759086963,,,,,
Cnstr,BldMt,0.759388557,,,,,
BldMt,Cnstr,0.759388557,,,,,
Insur,BldMt,0.760270438,,,,,
BldMt,Insur,0.760270438,,,,,
Whlsl,Insur,0.760290277,,,,,
Insur,Whlsl,0.760290277,,,,,
Comps,ElcEq,0.761657556,,,,,
ElcEq,Comps,0.761657556,,,,,
Paper,Steel,0.762579413,,,,,
Steel,Paper,0.762579413,,,,,
ElcEq,BldMt,0.763532374,,,,,
BldMt,ElcEq,0.763532374,,,,,
Paper,Trans,0.764672177,,,,,
Trans,Paper,0.764672177,,,,,
Mach,Cnstr,0.764744722,,,,,
Cnstr,Mach,0.764744722,,,,,
Whlsl,Meals,0.764918844,,,,,
Meals,Whlsl,0.764918844,,,,,
Mach,MedEq,0.765215392,,,,,
MedEq,Mach,0.765215392,,,,,
Fin,ElcEq,0.765934989,,,,,
ElcEq,Fin,0.765934989,,,,,
LabEq,ElcEq,0.766199382,,,,,
ElcEq,LabEq,0.766199382,,,,,
Comps,Fin,0.768316885,,,,,
Fin,Comps,0.768316885,,,,,
Rtail,LabEq,0.768830587,,,,,
LabEq,Rtail,0.768830587,,,,,
MedEq,LabEq,0.769542461,,,,,
LabEq,MedEq,0.769542461,,,,,
Banks,Hshld,0.771504734,,,,,
Hshld,Banks,0.771504734,,,,,
Banks,Trans,0.771745636,,,,,
Trans,Banks,0.771745636,,,,,
Steel,Rtail,0.7718785,,,,,
Rtail,Steel,0.7718785,,,,,
Drugs,Chips,0.772630119,,,,,
Chips,Drugs,0.772630119,,,,,
Autos,BusSv,0.773736436,,,,,
BusSv,Autos,0.773736436,,,,,
Steel,Trans,0.7738932,,,,,
Trans,Steel,0.7738932,,,,,
Paper,Whlsl,0.774608209,,,,,
Whlsl,Paper,0.774608209,,,,,
Banks,Autos,0.775043962,,,,,
Autos,Banks,0.775043962,,,,,
Hshld,Trans,0.776089892,,,,,
Trans,Hshld,0.776089892,,,,,
LabEq,Fin,0.776302618,,,,,
Fin,LabEq,0.776302618,,,,,
Insur,Rtail,0.777538227,,,,,
Rtail,Insur,0.777538227,,,,,
LabEq,Telcm,0.777618269,,,,,
Telcm,LabEq,0.777618269,,,,,
Chems,Hshld,0.777720999,,,,,
Hshld,Chems,0.777720999,,,,,
Whlsl,MedEq,0.778044065,,,,,
MedEq,Whlsl,0.778044065,,,,,
Mach,Insur,0.779207817,,,,,
Insur,Mach,0.779207817,,,,,
MedEq,Chips,0.779474256,,,,,
Chips,MedEq,0.779474256,,,,,
BusSv,Chems,0.78010291,,,,,
Chems,BusSv,0.78010291,,,,,
Paper,BldMt,0.78133062,,,,,
BldMt,Paper,0.78133062,,,,,
Chips,ElcEq,0.781358816,,,,,
ElcEq,Chips,0.781358816,,,,,
Rtail,Comps,0.781462078,,,,,
Comps,Rtail,0.781462078,,,,,
Drugs,Comps,0.782009698,,,,,
Comps,Drugs,0.782009698,,,,,
Banks,Whlsl,0.782751965,,,,,
Whlsl,Banks,0.782751965,,,,,
Telcm,Fin,0.783119376,,,,,
Fin,Telcm,0.783119376,,,,,
Telcm,Whlsl,0.783288432,,,,,
Whlsl,Telcm,0.783288432,,,,,
Paper,Fin,0.784255659,,,,,
Fin,Paper,0.784255659,,,,,
Rtail,Meals,0.785409302,,,,,
Meals,Rtail,0.785409302,,,,,
Rtail,Chips,0.786061538,,,,,
Chips,Rtail,0.786061538,,,,,
Rtail,Paper,0.786789555,,,,,
Paper,Rtail,0.786789555,,,,,
Chips,Fin,0.786997177,,,,,
Fin,Chips,0.786997177,,,,,
BldMt,Banks,0.788158375,,,,,
Banks,BldMt,0.788158375,,,,,
BusSv,Trans,0.788373499,,,,,
Trans,BusSv,0.788373499,,,,,
Hshld,Fin,0.789115224,,,,,
Fin,Hshld,0.789115224,,,,,
Drugs,MedEq,0.789429458,,,,,
MedEq,Drugs,0.789429458,,,,,
Rtail,Telcm,0.789519751,,,,,
Telcm,Rtail,0.789519751,,,,,
ElcEq,Whlsl,0.790016072,,,,,
Whlsl,ElcEq,0.790016072,,,,,
Chems,Paper,0.791091983,,,,,
Paper,Chems,0.791091983,,,,,
Hshld,Autos,0.791270894,,,,,
Autos,Hshld,0.791270894,,,,,
Mach,Banks,0.791312128,,,,,
Banks,Mach,0.791312128,,,,,
Trans,Chems,0.792464525,,,,,
Chems,Trans,0.792464525,,,,,
BusSv,Hshld,0.79291599,,,,,
Hshld,BusSv,0.79291599,,,,,
BldMt,BusSv,0.79408683,,,,,
BusSv,BldMt,0.79408683,,,,,
Trans,BldMt,0.794157646,,,,,
BldMt,Trans,0.794157646,,,,,
Autos,Steel,0.794311548,,,,,
Steel,Autos,0.794311548,,,,,
Steel,Fin,0.794969287,,,,,
Fin,Steel,0.794969287,,,,,
BldMt,Hshld,0.795150884,,,,,
Hshld,BldMt,0.795150884,,,,,
Banks,Rtail,0.796952246,,,,,
Rtail,Banks,0.796952246,,,,,
Autos,Paper,0.797652709,,,,,
Paper,Autos,0.797652709,,,,,
BusSv,ElcEq,0.797737638,,,,,
ElcEq,BusSv,0.797737638,,,,,
Chems,Rtail,0.798345779,,,,,
Rtail,Chems,0.798345779,,,,,
Comps,MedEq,0.799122642,,,,,
MedEq,Comps,0.799122642,,,,,
Mach,Telcm,0.802388916,,,,,
Telcm,Mach,0.802388916,,,,,
Hshld,Whlsl,0.803097826,,,,,
Whlsl,Hshld,0.803097826,,,,,
Autos,Trans,0.803360202,,,,,
Trans,Autos,0.803360202,,,,,
Fin,Trans,0.803508048,,,,,
Trans,Fin,0.803508048,,,,,
Banks,Insur,0.803972078,,,,,
Insur,Banks,0.803972078,,,,,
Chems,Fin,0.804555285,,,,,
Fin,Chems,0.804555285,,,,,
Paper,Mach,0.805097602,,,,,
Mach,Paper,0.805097602,,,,,
BldMt,Steel,0.806255025,,,,,
Steel,BldMt,0.806255025,,,,,
Steel,Whlsl,0.806262552,,,,,
Whlsl,Steel,0.806262552,,,,,
LabEq,Whlsl,0.80709211,,,,,
Whlsl,LabEq,0.80709211,,,,,
Whlsl,Trans,0.807198349,,,,,
Trans,Whlsl,0.807198349,,,,,
BldMt,Chems,0.807214144,,,,,
Chems,BldMt,0.807214144,,,,,
BusSv,Drugs,0.807464853,,,,,
Drugs,BusSv,0.807464853,,,,,
Telcm,Comps,0.807923824,,,,,
Comps,Telcm,0.807923824,,,,,
Autos,Whlsl,0.808707144,,,,,
Whlsl,Autos,0.808707144,,,,,
Comps,Whlsl,0.809173005,,,,,
Whlsl,Comps,0.809173005,,,,,
ElcEq,Mach,0.809958839,,,,,
Mach,ElcEq,0.809958839,,,,,
Fin,Autos,0.810610394,,,,,
Autos,Fin,0.810610394,,,,,
Hshld,Mach,0.813863868,,,,,
Mach,Hshld,0.813863868,,,,,
Autos,Chems,0.815046517,,,,,
Chems,Autos,0.815046517,,,,,
Whlsl,Chems,0.815167999,,,,,
Chems,Whlsl,0.815167999,,,,,
Rtail,Clths,0.815978291,,,,,
Clths,Rtail,0.815978291,,,,,
Mach,Comps,0.817698696,,,,,
Comps,Mach,0.817698696,,,,,
BusSv,MedEq,0.818194994,,,,,
MedEq,BusSv,0.818194994,,,,,
BldMt,Rtail,0.818220581,,,,,
Rtail,BldMt,0.818220581,,,,,
Trans,Rtail,0.818475671,,,,,
Rtail,Trans,0.818475671,,,,,
Rtail,Hshld,0.818549062,,,,,
Hshld,Rtail,0.818549062,,,,,
BldMt,Autos,0.818768908,,,,,
Autos,BldMt,0.818768908,,,,,
Whlsl,Chips,0.818959613,,,,,
Chips,Whlsl,0.818959613,,,,,
Insur,Fin,0.820092984,,,,,
Fin,Insur,0.820092984,,,,,
Rtail,Autos,0.821047632,,,,,
Autos,Rtail,0.821047632,,,,,
Fin,BldMt,0.821857295,,,,,
BldMt,Fin,0.821857295,,,,,
Steel,Chems,0.824469055,,,,,
Chems,Steel,0.824469055,,,,,
Trans,Mach,0.82466766,,,,,
Mach,Trans,0.82466766,,,,,
Chips,Telcm,0.825668647,,,,,
Telcm,Chips,0.825668647,,,,,
BusSv,Fin,0.826915168,,,,,
Fin,BusSv,0.826915168,,,,,
LabEq,Mach,0.827950812,,,,,
Mach,LabEq,0.827950812,,,,,
Whlsl,BldMt,0.829006824,,,,,
BldMt,Whlsl,0.829006824,,,,,
Rtail,BusSv,0.83243897,,,,,
BusSv,Rtail,0.83243897,,,,,
Whlsl,Fin,0.832454621,,,,,
Fin,Whlsl,0.832454621,,,,,
LabEq,Comps,0.833877847,,,,,
Comps,LabEq,0.833877847,,,,,
Rtail,Fin,0.836482191,,,,,
Fin,Rtail,0.836482191,,,,,
Whlsl,Rtail,0.836632779,,,,,
Rtail,Whlsl,0.836632779,,,,,
Rtail,Mach,0.841179902,,,,,
Mach,Rtail,0.841179902,,,,,
Mach,Autos,0.843089564,,,,,
Autos,Mach,0.843089564,,,,,
Chips,Mach,0.844615069,,,,,
Mach,Chips,0.844615069,,,,,
Fin,Banks,0.848790621,,,,,
Banks,Fin,0.848790621,,,,,
BusSv,Telcm,0.849259555,,,,,
Telcm,BusSv,0.849259555,,,,,
Mach,BldMt,0.855126028,,,,,
BldMt,Mach,0.855126028,,,,,
Mach,Fin,0.85543456,,,,,
Fin,Mach,0.85543456,,,,,
BusSv,Mach,0.856218034,,,,,
Mach,BusSv,0.856218034,,,,,
Mach,Chems,0.856563056,,,,,
Chems,Mach,0.856563056,,,,,
BusSv,LabEq,0.856665447,,,,,
LabEq,BusSv,0.856665447,,,,,
Whlsl,BusSv,0.8570548,,,,,
BusSv,Whlsl,0.8570548,,,,,
Mach,Steel,0.857570211,,,,,
Steel,Mach,0.857570211,,,LabEq,Chips,0.85980895
LabEq,Chips,0.85980895,,,Chips,LabEq,0.85980895
Chips,LabEq,0.85980895,,,Whlsl,Mach,0.867671867
Whlsl,Mach,0.867671867,,,Mach,Whlsl,0.867671867
Mach,Whlsl,0.867671867,,,Comps,BusSv,0.895937879
Comps,BusSv,0.895937879,,,BusSv,Comps,0.895937879
BusSv,Comps,0.895937879,,,Chips,Comps,0.89793331
Chips,Comps,0.89793331,,,Comps,Chips,0.89793331
Comps,Chips,0.89793331,,,Chips,BusSv,0.906328403
Chips,BusSv,0.906328403,,,BusSv,Chips,0.906328403
BusSv,Chips,0.906328403,,,,,
Agric,Agric,1,,,,,
RlEst,RlEst,1,,,,,
Mach,Mach,1,,,,,
FabPr,FabPr,1,,,,,
Steel,Steel,1,,,,,
Cnstr,Cnstr,1,,,,,
BldMt,BldMt,1,,,,,
Txtls,Txtls,1,,,,,
Rubbr,Rubbr,1,,,,,
Chems,Chems,1,,,,,
Drugs,Drugs,1,,,,,
ElcEq,ElcEq,1,,,,,
MedEq,MedEq,1,,,,,
Clths,Clths,1,,,,,
Hshld,Hshld,1,,,,,
Books,Books,1,,,,,
Fun,Fun,1,,,,,
Toys,Toys,1,,,,,
Smoke,Smoke,1,,,,,
Beer,Beer,1,,,,,
Soda,Soda,1,,,,,
Food,Food,1,,,,,
Hlth,Hlth,1,,,,,
Fin,Fin,1,,,,,
Autos,Autos,1,,,,,
Ships,Ships,1,,,,,
Insur,Insur,1,,,,,
Banks,Banks,1,,,,,
Meals,Meals,1,,,,,
Rtail,Rtail,1,,,,,
Whlsl,Whlsl,1,,,,,
Trans,Trans,1,,,,,
Boxes,Boxes,1,,,,,
Paper,Paper,1,,,,,
LabEq,LabEq,1,,,,,
Aero,Aero,1,,,,,
Chips,Chips,1,,,,,
BusSv,BusSv,1,,,,,
PerSv,PerSv,1,,,,,
Telcm,Telcm,1,,,,,
Util,Util,1,,,,,
Oil,Oil,1,,,,,
Coal,Coal,1,,,,,
Mines,Mines,1,,,,,
Gold,Gold,1,,,,,
Guns,Guns,1,,,,,
Comps,Comps,1,,,,,
Other,Other,1,,,,,
